日期,隊伍,兩分命中率,三分命中率,罰球命中率,進攻,防守,總計,助攻,抄截,阻攻,失誤,犯規,得分,勝負,二分出手,二分命中,三分出手,三分命中,罰球出手,罰球命中
2018-11-25-13-0,輔仁大學,67.3,32.1,70,8,25,33,29,7,7,11,21,107,1,33,49,9,28,14,20
2018-11-25-13-1,萬能科大,57.7,34,66.7,10,24,34,24,8,5,15,20,98,0,15,26,16,47,20,30
2018-11-25-14-0,文化大學,40.4,34.6,75.9,10,25,35,25,19,5,26,27,87,1,19,47,9,26,22,29
2018-11-25-14-1,臺灣科大,35.2,28.6,67.7,20,27,47,10,13,6,33,26,77,0,19,54,6,21,21,31
2018-11-25-16-0,醒吾科大,43.8,29.2,33.3,9,27,36,11,9,0,17,11,68,0,21,48,7,24,5,15
2018-11-25-16-1,臺灣師大,50.8,27.6,62.5,18,33,51,24,12,8,13,21,89,1,30,59,8,29,5,8
2018-11-25-18-0,健行科大,51.4,18.8,81.2,13,27,40,13,13,6,13,16,69,1,19,37,6,32,13,16
2018-11-25-18-1,國立體大,45.9,29.6,53.8,9,23,32,19,8,1,19,15,65,0,17,37,8,27,7,13
2018-11-26-13-0,臺灣師大,52.6,36,58.8,13,26,39,14,14,9,20,14,77,1,20,38,9,25,10,17
2018-11-26-13-1,文化大學,43.5,33.3,63.6,9,20,29,18,13,1,23,16,62,0,20,46,5,15,7,11
2018-11-26-14-0,國立體大,43.8,45.5,76.9,15,39,54,17,8,1,18,19,82,1,21,48,10,22,10,13
2018-11-26-14-1,萬能科大,26.2,22.2,75,8,21,29,10,11,3,9,15,52,0,11,42,6,27,12,16
2018-11-26-16-0,臺灣科大,27.5,31.2,60,14,27,41,6,10,6,18,23,67,0,11,40,10,32,15,25
2018-11-26-16-1,輔仁大學,42.5,26.7,78.1,13,38,51,19,13,5,22,19,83,1,17,40,8,30,25,32
2018-11-26-18-0,健行科大,58.1,50,85.7,10,36,46,24,15,4,21,14,98,1,25,43,14,28,6,7
2018-11-26-18-1,醒吾科大,25,23.5,68.8,10,17,27,11,18,3,23,12,51,0,8,32,8,34,11,16
2018-11-27-13-0,萬能科大,34.3,18.8,75,11,27,38,12,8,0,27,14,48,0,12,35,6,32,6,8
2018-11-27-13-1,臺灣師大,60.4,30.8,44.4,11,26,37,25,18,2,15,14,90,1,29,48,8,26,8,18
2018-11-27-14-0,輔仁大學,25.6,43.3,69.2,10,22,32,16,14,4,21,10,68,0,10,39,13,30,9,13
2018-11-27-14-1,健行科大,51.1,35.5,57.1,15,35,50,15,14,5,22,11,83,1,23,45,11,31,4,7
2018-11-27-16-0,臺灣科大,45.5,28,66.7,9,26,35,8,11,4,15,21,69,0,20,44,7,25,8,12
2018-11-27-16-1,國立體大,46.2,25,63.6,16,29,45,12,8,3,15,15,74,1,18,39,8,32,14,22
2018-11-27-18-0,醒吾科大,34.1,30,80,14,23,37,10,5,5,20,17,56,0,15,44,6,20,8,10
2018-11-27-18-1,文化大學,55.6,6.7,69.2,11,23,34,14,8,7,12,12,72,1,30,54,1,15,9,13
2018-11-29-13-0,臺灣師大,50.8,50,65,15,32,47,23,21,4,16,18,106,1,30,59,11,22,13,20
2018-11-29-13-1,臺灣科大,43.4,25,69.2,11,21,32,16,10,2,28,19,67,0,23,53,4,16,9,13
2018-11-29-14-0,文化大學,40.4,50,50,10,17,27,17,21,2,24,19,69,1,19,47,7,14,10,20
2018-11-29-14-1,國立體大,57.1,23.1,57.1,10,23,33,10,10,7,34,17,61,0,20,35,3,13,12,21
2018-11-29-16-0,健行科大,56.2,35.3,58.8,16,35,51,16,12,2,14,15,100,1,27,48,12,34,10,17
2018-11-29-16-1,萬能科大,41,29.3,45.5,15,26,41,18,10,0,15,20,73,0,16,39,12,41,5,11
2018-11-29-18-0,輔仁大學,46.7,47.6,36.4,10,29,39,20,6,3,15,15,76,1,21,45,10,21,4,11
2018-11-29-18-1,醒吾科大,51.7,33.3,53.8,5,26,31,16,11,1,12,13,73,0,15,29,12,36,7,13
2018-11-30-13-0,萬能科大,39.1,25.5,80,23,35,58,12,10,5,17,20,96,1,18,46,12,47,24,30
2018-11-30-13-1,臺灣科大,38.9,25.8,72.2,25,36,61,13,10,4,17,23,93,0,28,72,8,31,13,18
2018-11-30-14-0,文化大學,48.7,23.8,75,14,12,26,11,11,2,30,20,59,0,19,39,5,21,6,8
2018-11-30-14-1,健行科大,63.4,36.8,75,11,21,32,17,19,4,24,10,91,1,26,41,7,19,18,24
2018-11-30-16-0,輔仁大學,58.8,16.7,57.1,8,31,39,10,8,6,29,12,64,0,20,34,4,24,12,21
2018-11-30-16-1,臺灣師大,55.4,15.8,68.8,7,28,35,20,23,1,13,20,82,1,31,56,3,19,11,16
2018-11-30-18-0,醒吾科大,43.6,15.4,52.4,4,17,21,5,11,0,21,11,51,0,17,39,2,13,11,21
2018-11-30-18-1,國立體大,57.4,33.3,77.8,13,27,40,15,11,4,19,19,86,1,27,47,6,18,14,18
2018-12-01-13-0,萬能科大,44,12.5,80,15,23,38,11,7,5,17,13,61,0,22,50,3,24,8,10
2018-12-01-13-1,文化大學,52,26.1,44.4,16,26,42,14,8,3,18,18,74,1,26,50,6,23,4,9
2018-12-01-14-0,臺灣師大,50.9,63.6,71.4,11,28,39,22,12,8,23,13,82,1,28,55,7,11,5,7
2018-12-01-14-1,健行科大,39.6,32.1,71.4,14,17,31,10,13,2,12,7,70,0,19,48,9,28,5,7
2018-12-01-16-0,臺灣科大,47.1,20,57.9,16,27,43,12,6,6,12,17,80,1,24,51,7,35,11,19
2018-12-01-16-1,醒吾科大,40.8,32.1,92.3,14,34,48,11,5,2,17,19,79,0,20,49,9,28,12,13
2018-12-01-18-0,國立體大,39,39.1,50,12,28,40,14,10,7,15,20,67,1,16,41,9,23,8,16
2018-12-01-18-1,輔仁大學,38.2,26.1,65,10,22,32,11,9,4,19,19,57,0,13,34,6,23,13,20
2018-12-02-13-0,健行科大,37,51.9,76.5,20,32,52,20,9,2,17,22,95,1,20,54,14,27,13,17
2018-12-02-13-1,臺灣科大,35.3,34.8,64.3,13,18,31,11,12,3,17,21,69,0,18,51,8,23,9,14
2018-12-02-14-0,醒吾科大,48,25,62.5,11,25,36,13,11,0,14,16,74,0,24,50,7,28,5,8
2018-12-02-14-1,萬能科大,32.4,47.1,70.6,11,32,43,20,5,4,20,12,84,1,12,37,16,34,12,17
2018-12-02-16-0,臺灣師大,41.3,22.2,66.7,12,27,39,15,14,6,13,17,70,1,26,63,2,9,12,18
2018-12-02-16-1,國立體大,43.2,36.4,50,9,27,36,15,9,4,21,18,66,0,16,37,8,22,10,20
2018-12-02-18-0,文化大學,40.4,50,55.6,13,29,42,13,8,1,18,17,72,1,23,57,7,14,5,9
2018-12-02-18-1,輔仁大學,35.3,34.8,71.4,18,18,36,12,8,5,13,13,70,0,18,51,8,23,10,14
2018-12-03-13-0,高雄師大,38.1,26.1,66.7,7,25,32,8,14,1,21,16,68,0,16,42,6,23,18,27
2018-12-03-13-1,政治大學,46.3,26.7,61.1,13,35,48,14,12,6,26,22,73,1,19,41,8,30,11,18
2018-12-03-14-0,中州科大,50,17.9,66.7,14,24,38,11,6,2,21,17,65,0,20,40,5,28,10,15
2018-12-03-14-1,臺灣藝大,53.1,20,46.7,7,21,28,13,11,3,12,18,68,1,26,49,3,15,7,15
2018-12-03-16-0,北市大學,43.4,11.1,47.6,17,32,49,12,15,1,9,20,65,1,23,53,3,27,10,21
2018-12-03-16-1,屏東大學,37.8,23.5,69.2,10,33,43,7,3,6,22,17,58,0,14,37,4,17,18,26
2018-12-03-18-0,義守大學,43.8,33.3,57.1,25,44,69,13,5,5,13,13,82,1,21,48,12,36,4,7
2018-12-03-18-1,臺北商大,32.7,19,57.1,11,26,37,8,8,4,7,12,56,0,18,55,4,21,8,14
2018-12-04-13-0,中州科大,45.2,18.2,71.4,18,23,41,13,11,0,18,21,66,0,19,42,6,33,10,14
2018-12-04-13-1,高雄師大,52.8,31.6,62.5,7,23,30,6,13,4,19,19,71,1,19,36,6,19,15,24
2018-12-04-14-0,臺灣藝大,47.3,30,77.8,17,30,47,11,8,5,11,15,77,1,26,55,6,20,7,9
2018-12-04-14-1,北市大學,36.4,33.3,61.5,8,22,30,15,9,1,12,10,64,0,16,44,8,24,8,13
2018-12-04-16-0,臺北商大,53.8,26.9,42.1,10,21,31,9,6,4,14,21,71,0,21,39,7,26,8,19
2018-12-04-16-1,政治大學,41.9,33.3,70,15,25,40,14,10,4,12,17,87,1,18,43,10,30,21,30
2018-12-04-18-0,屏東大學,41.3,26.9,61.1,15,22,37,10,9,2,15,16,70,0,19,46,7,26,11,18
2018-12-04-18-1,義守大學,72.7,14.8,95.2,12,20,32,12,12,3,14,13,80,1,24,33,4,27,20,21
2018-12-05-13-0,政治大學,55.3,8.3,36.8,17,27,44,10,13,2,18,12,65,0,26,47,2,24,7,19
2018-12-05-13-1,中州科大,45.5,20.8,50,18,28,46,14,8,1,16,19,70,1,25,55,5,24,5,10
2018-12-05-14-0,臺北商大,39.2,26.1,54.8,12,20,32,13,8,3,12,16,75,0,20,51,6,23,17,31
2018-12-05-14-1,臺灣藝大,56.4,42.9,52.6,11,39,50,13,10,2,15,22,90,1,31,55,6,14,10,19
2018-12-05-16-0,屏東大學,38.2,12,59.1,10,19,29,7,6,0,16,14,48,0,13,34,3,25,13,22
2018-12-05-16-1,高雄師大,51.1,35.5,84.6,16,31,47,22,15,4,15,19,90,1,23,45,11,31,11,13
2018-12-05-18-0,義守大學,52.8,33.3,45.5,19,39,58,20,11,3,11,16,94,1,28,53,11,33,5,11
2018-12-05-18-1,北市大學,34,16.7,66.7,13,24,37,11,8,2,13,13,55,0,16,47,5,30,8,12
2018-12-07-13-0,臺灣藝大,43.8,20,55.6,17,30,47,13,14,5,11,12,70,1,28,64,3,15,5,9
2018-12-07-13-1,屏東大學,31.8,15.4,66.7,14,27,41,11,8,2,24,10,52,0,14,44,4,26,12,18
2018-12-07-14-0,中州科大,41.5,23.3,52.4,10,35,45,11,10,3,19,16,66,1,17,41,7,30,11,21
2018-12-07-14-1,臺北商大,37.5,31.2,50,6,30,36,10,13,6,14,20,61,0,21,56,5,16,4,8
2018-12-07-16-0,北市大學,51,27.6,54.5,9,20,29,15,17,1,17,19,80,0,25,49,8,29,6,11
2018-12-07-16-1,政治大學,49.2,36.4,31.6,20,31,51,23,15,7,20,16,88,1,29,59,8,22,6,19
2018-12-07-18-0,高雄師大,46.2,15,65.4,9,26,35,14,12,2,16,17,62,0,18,39,3,20,17,26
2018-12-07-18-1,義守大學,50,21.1,53.3,19,28,47,14,8,2,18,20,70,1,19,38,8,38,8,15
2018-12-08-13-0,北市大學,40.5,19.2,52.6,13,21,34,8,8,3,10,17,59,0,17,42,5,26,10,19
2018-12-08-13-1,中州科大,39.1,38.5,66.7,22,34,56,13,7,2,16,14,76,1,18,46,10,26,10,15
2018-12-08-14-0,臺北商大,50,12.5,55.6,8,31,39,7,4,2,14,16,63,0,22,44,3,24,10,18
2018-12-08-14-1,高雄師大,37,34.6,59.1,15,35,50,14,9,3,14,16,80,1,20,54,9,26,13,22
2018-12-08-16-0,政治大學,48.1,32.4,85.7,23,22,45,19,13,0,12,19,91,1,26,54,11,34,6,7
2018-12-08-16-1,屏東大學,30.6,22.2,77.8,9,21,30,6,6,1,28,9,48,0,11,36,4,18,14,18
2018-12-08-18-0,義守大學,41.5,27,63.2,16,26,42,15,8,8,20,16,76,0,17,41,10,37,12,19
2018-12-08-18-1,臺灣藝大,48.5,7.1,55.2,13,26,39,11,14,1,8,16,83,1,32,66,1,14,16,29
2018-12-09-13-0,高雄師大,44.7,40.9,60,14,33,47,19,7,3,22,15,84,1,21,47,9,22,15,25
2018-12-09-13-1,北市大學,34.8,33.3,55.6,11,20,31,15,11,2,14,21,75,0,16,46,11,33,10,18
2018-12-09-14-0,屏東大學,42.5,21.4,61.9,11,32,43,5,7,2,12,21,65,0,17,40,6,28,13,21
2018-12-09-14-1,臺北商大,45.1,12.5,55.2,14,32,46,5,9,6,10,19,68,1,23,51,2,16,16,29
2018-12-09-16-0,臺灣藝大,42.6,26.3,53.8,17,24,41,14,11,4,18,19,74,0,26,61,5,19,7,13
2018-12-09-16-1,政治大學,46.8,44.4,50,19,29,48,25,14,4,20,15,90,1,29,62,8,18,8,16
2018-12-09-18-0,中州科大,51.9,28.6,50,9,24,33,14,10,3,24,17,60,0,14,27,10,35,2,4
2018-12-09-18-1,義守大學,54,34.8,100,9,27,36,14,21,2,15,8,89,1,27,50,8,23,11,11
2018-12-10-13-0,北市大學,61.5,28,36.4,8,36,44,23,8,1,15,18,89,1,32,52,7,25,4,11
2018-12-10-13-1,臺北商大,47.3,11.5,58.8,14,25,39,15,11,2,12,13,71,0,26,55,3,26,10,17
2018-12-10-14-0,高雄師大,56.5,16.7,56.2,14,23,37,15,8,1,16,12,73,1,26,46,4,24,9,16
2018-12-10-14-1,臺灣藝大,46.3,27.8,70,12,24,36,21,10,2,12,19,72,0,25,54,5,18,7,10
2018-12-10-16-0,政治大學,49.1,30.4,66.7,8,34,42,17,7,1,18,27,93,1,28,57,7,23,16,24
2018-12-10-16-1,義守大學,49.2,9.7,55.3,23,22,45,15,16,0,11,18,92,0,31,63,3,31,21,38
2018-12-10-18-0,屏東大學,40.5,55,61.9,9,22,31,11,4,1,21,20,76,0,15,37,11,20,13,21
2018-12-10-18-1,中州科大,52.4,27,77.3,16,24,40,12,17,2,8,17,91,1,22,42,10,37,17,22
2018-12-20-13-00,高雄師大,57.4,12,50,10,35,45,16,5,0,14,12,77,1,31,54,3,25,6,12
2018-12-20-13-00,萬能科大,37.5,32.5,68.4,7,27,34,17,8,2,16,13,70,0,9,24,13,40,13,19
2018-12-20-13-00,健行科大,60.9,50,70,12,34,46,38,14,2,12,9,123,1,28,46,20,40,7,10
2018-12-20-13-00,臺北商大,37,38.5,62.5,7,24,31,17,11,2,16,10,75,0,20,54,10,26,5,8
2018-12-20-14-45,義守大學,47.2,32,33.3,15,29,44,20,15,5,15,17,77,1,25,53,8,25,3,9
2018-12-20-14-45,醒吾科大,42.6,24,45.5,13,26,39,13,10,0,19,12,63,0,20,47,6,25,5,11
2018-12-20-14-45,國立體大,53.7,20.7,68.2,11,32,43,19,10,2,12,16,77,1,22,41,6,29,15,22
2018-12-20-14-45,政治大學,37.3,16.7,30,16,27,43,12,5,4,15,17,62,0,22,59,3,18,9,30
2018-12-20-16-30,輔仁大學,47.5,36,54.5,14,34,48,17,15,5,26,20,71,1,19,40,9,25,6,11
2018-12-20-16-30,屏東大學,28.6,19.4,36.4,8,20,28,7,12,0,25,15,42,0,10,35,6,31,4,11
2018-12-20-16-30,中州科大,45.9,19.2,57.9,13,27,40,11,12,3,26,15,60,0,17,37,5,26,11,19
2018-12-20-16-30,文化大學,39.7,31.6,68.4,17,22,39,12,15,2,14,20,77,1,23,58,6,19,13,19
2018-12-20-18-15,北市大學,40.7,20.8,51.6,16,23,39,19,11,2,11,23,79,0,24,59,5,24,16,31
2018-12-20-18-15,臺灣科大,42.6,39.1,47.8,25,35,60,20,6,3,22,24,84,1,23,54,9,23,11,23
2018-12-20-18-15,臺灣師大,41.8,21.7,77.3,19,24,43,20,11,2,11,15,78,1,23,55,5,23,17,22
2018-12-20-18-15,臺灣藝大,41.9,20,54.5,16,28,44,14,9,1,19,18,64,0,26,62,2,10,6,11
2018-12-21-13-00,臺北商大,34,22.2,54.5,10,20,30,8,13,3,23,17,54,0,18,53,4,18,6,11
2018-12-21-13-00,國立體大,54.2,21.6,59.1,25,38,63,23,15,4,22,12,89,1,26,48,8,37,13,22
2018-12-21-13-00,萬能科大,39.3,36.7,81.8,8,19,27,19,10,3,21,20,64,0,11,28,11,30,9,11
2018-12-21-13-00,義守大學,51.7,37.5,40,14,22,36,21,10,1,14,10,88,1,30,58,6,16,10,25
2018-12-21-14-45,醒吾科大,40.5,29.4,78.6,3,33,36,6,14,4,21,12,60,0,17,42,5,17,11,14
2018-12-21-14-45,高雄師大,37.3,25,80,20,25,45,12,13,6,16,11,67,1,19,51,7,28,8,10
2018-12-21-14-45,臺灣藝大,39,36.4,28.6,15,24,39,19,9,5,11,14,72,0,23,59,8,22,2,7
2018-12-21-14-45,輔仁大學,51.1,32.1,57.1,16,30,46,15,4,8,13,9,81,1,23,45,9,28,8,14
2018-12-21-16-30,屏東大學,35.7,22.2,69.2,6,23,29,4,4,1,37,9,41,0,10,28,4,18,9,13
2018-12-21-16-30,臺灣師大,65.5,35.5,40,12,27,39,33,24,2,7,15,111,1,38,58,11,31,2,5
2018-12-21-16-30,政治大學,37.3,33.3,55.6,8,24,32,15,10,3,21,14,64,0,19,51,7,21,5,9
2018-12-21-16-30,健行科大,53.3,41,70,10,36,46,22,20,2,15,14,103,1,24,45,16,39,7,10
2018-12-21-18-15,文化大學,43.1,29.6,60.9,18,28,46,19,16,3,11,17,82,1,22,51,8,27,14,23
2018-12-21-18-15,北市大學,41.8,20,64.7,13,30,43,11,7,2,20,20,66,0,23,55,3,15,11,17
2018-12-21-18-15,臺灣科大,43.6,20,52.2,7,29,36,14,7,4,16,21,58,0,17,39,4,20,12,23
2018-12-21-18-15,中州科大,35,31,31.8,18,28,46,16,7,3,13,19,62,1,14,40,9,29,7,22
2018-12-22-13-00,國立體大,72.1,34.3,83.3,16,42,58,27,7,1,19,10,103,1,31,43,12,35,5,6
2018-12-22-13-00,屏東大學,38.6,18.5,72.7,10,13,23,8,6,0,10,7,57,0,17,44,5,27,8,11
2018-12-22-13-00,臺灣師大,45.7,51.4,75,14,33,47,27,7,6,17,16,102,1,21,46,18,35,6,8
2018-12-22-13-00,臺北商大,49.2,21.4,66.7,7,27,34,11,10,1,14,9,79,0,30,61,3,14,10,15
2018-12-22-14-45,健行科大,48.1,27.6,87.5,14,21,35,12,9,2,10,21,95,1,25,52,8,29,21,24
2018-12-22-14-45,臺灣藝大,53.3,33.3,76.5,15,30,45,17,5,2,21,24,88,0,24,45,9,27,13,17
2018-12-22-14-45,北市大學,50,27.9,52.2,16,37,53,19,6,2,14,19,94,0,23,46,12,43,12,23
2018-12-22-14-45,萬能科大,54.5,23.8,81.8,27,31,58,13,7,1,9,19,99,1,18,33,15,63,18,22
2018-12-22-16-30,義守大學,57.5,52.6,50,6,29,35,13,13,7,19,14,81,1,23,40,10,19,5,10
2018-12-22-16-30,文化大學,31.7,35,64.3,12,18,30,15,10,1,1,15,56,0,13,41,7,20,9,14
2018-12-22-16-30,中州科大,52.1,24.2,62.5,14,21,35,12,15,0,8,10,89,1,25,48,8,33,15,24
2018-12-22-16-30,醒吾科大,60.5,37,83.3,9,35,44,10,2,2,15,17,81,0,23,38,10,27,5,6
2018-12-22-18-15,高雄師大,56,15,63.2,14,33,47,14,11,2,18,20,77,1,28,50,3,20,12,19
2018-12-22-18-15,臺灣科大,37.1,24,75,5,29,34,9,10,3,11,21,59,0,13,35,6,25,15,20
2018-12-22-18-15,輔仁大學,45.8,22.2,51.5,22,31,53,16,16,4,24,17,79,1,22,48,6,27,17,33
2018-12-22-18-15,政治大學,36.4,34.5,73.3,13,21,34,16,12,0,24,26,73,0,16,44,10,29,11,15
2018-12-23-13-00,萬能科大,58.3,20,66.7,20,27,47,17,4,3,12,19,73,0,21,36,9,45,4,6
2018-12-23-13-00,中州科大,42.6,32,78.6,13,31,44,11,7,0,8,12,86,1,20,47,8,25,22,28
2018-12-23-13-00,屏東大學,38.3,20.8,63.6,13,32,45,11,11,1,24,15,65,0,18,47,5,24,14,22
2018-12-23-13-00,健行科大,51.9,32.4,71.4,12,36,48,17,15,3,18,17,97,1,27,52,11,34,10,14
2018-12-23-14-45,臺北商大,48,18.8,57.1,11,31,42,10,13,3,19,16,73,0,24,50,3,16,16,28
2018-12-23-14-45,輔仁大學,51.4,29.3,71.4,14,32,46,21,12,2,18,20,89,1,19,37,12,41,15,21
2018-12-23-14-45,文化大學,33.3,42.4,60,11,26,37,17,18,3,24,17,75,1,12,36,14,33,9,15
2018-12-23-14-45,高雄師大,44.9,20.8,50,15,28,43,11,8,4,28,20,67,0,22,49,5,24,8,16
2018-12-23-16-30,臺灣藝大,47.7,28.6,54.8,10,28,38,17,12,3,21,22,71,0,21,44,4,14,17,31
2018-12-23-16-30,國立體大,52.2,25,53.6,15,30,45,19,12,2,14,19,84,1,24,46,7,28,15,28
2018-12-23-16-30,臺灣科大,41,23.8,80,12,18,30,11,12,4,19,13,59,0,16,39,5,21,12,15
2018-12-23-16-30,義守大學,46.5,44.4,68.8,15,25,40,14,14,7,20,12,75,1,20,43,8,18,11,16
2018-12-23-18-15,醒吾科大,34.7,40.9,77.8,17,27,44,14,6,1,17,12,82,1,17,49,9,22,21,27
2018-12-23-18-15,北市大學,47.1,12.5,73.3,10,26,36,10,7,1,16,26,78,0,32,68,1,8,11,15
2018-12-23-18-15,政治大學,39.2,18.2,64.3,14,27,41,7,7,4,26,10,61,0,20,51,4,22,9,14
2018-12-23-18-15,臺灣師大,43.4,23.1,57.1,17,27,44,18,17,6,21,18,72,1,23,53,6,26,8,14
2019-01-03-13-00,臺灣師大,51.8,33.3,50,19,38,57,27,11,4,16,18,95,1,29,56,10,30,7,14
2019-01-03-13-00,北市大學,37.7,11.5,57.9,15,23,38,15,7,4,17,13,60,0,20,53,3,26,11,19
2019-01-03-13-00,臺灣科大,31.7,9.1,72.2,6,21,27,5,11,2,25,15,42,0,13,41,1,11,13,18
2019-01-03-13-00,臺灣藝大,41.5,31.6,71.4,16,27,43,14,14,5,17,21,72,1,22,53,6,19,10,14
2019-01-03-14-45,文化大學,51.7,37,50,15,26,41,18,13,2,11,18,92,1,30,58,10,27,2,4
2019-01-03-14-45,屏東大學,34.9,37.5,47.4,17,27,44,12,8,4,22,11,66,0,15,43,9,24,9,19
2019-01-03-14-45,健行科大,46.5,31.4,71.4,14,30,44,17,11,2,19,22,88,1,20,43,11,35,15,21
2019-01-03-14-45,高雄師大,49,25,65.4,9,23,32,15,13,3,18,18,85,0,25,51,6,24,17,26
2019-01-03-16-30,國立體大,52.6,29.4,53.3,14,29,43,15,8,1,18,18,78,1,20,38,10,34,8,15
2019-01-03-16-30,義守大學,51.3,25,60,8,25,33,9,12,5,21,17,67,0,20,39,6,24,9,15
2019-01-03-16-30,萬能科大,46.5,25.6,66.7,8,32,40,13,13,1,17,23,87,0,20,43,11,43,14,21
2019-01-03-16-30,臺北商大,45.6,20,81.8,12,47,59,13,6,3,20,17,94,1,26,57,5,25,27,33
2019-01-03-18-15,輔仁大學,63,23.8,57.1,5,40,45,27,12,3,25,18,85,1,29,46,5,21,12,21
2019-01-03-18-15,中州科大,35.7,20.6,71.4,10,26,36,11,14,1,19,17,66,0,15,42,7,34,15,21
2019-01-03-18-15,醒吾科大,47.1,13,50,10,31,41,12,14,3,27,22,63,0,24,51,3,23,6,12
2019-01-03-18-15,政治大學,36.8,29.4,72.2,20,34,54,12,21,3,18,16,78,1,25,68,5,17,13,18
2019-01-04-13-00,臺灣藝大,30.8,27.8,60,16,25,41,10,15,4,18,22,53,0,16,52,5,18,6,10
2019-01-04-13-00,文化大學,38.1,20,61.9,14,27,41,10,11,2,20,17,54,1,16,42,3,15,13,21
2019-01-04-13-00,屏東大學,43.2,33.3,75,9,19,28,15,8,5,20,20,68,0,16,37,9,27,9,12
2019-01-04-13-00,臺灣科大,50,28.6,70.4,16,23,39,13,14,4,15,15,81,1,25,50,4,14,19,27
2019-01-04-14-45,中州科大,35.6,36,56.2,11,22,33,14,6,1,17,12,68,0,16,45,9,25,9,16
2019-01-04-14-45,臺灣師大,58.7,30,60,16,29,45,26,11,2,15,16,95,1,37,63,6,20,3,5
2019-01-04-14-45,高雄師大,36.4,9.1,55.6,14,34,48,8,9,4,12,13,51,0,20,55,2,22,5,9
2019-01-04-14-45,國立體大,34.9,19.2,52.4,14,37,51,14,8,4,16,13,56,1,15,43,5,26,11,21
2019-01-04-16-30,臺北商大,42.6,50,71.4,9,32,41,12,8,6,18,15,74,1,20,47,8,16,10,14
2019-01-04-16-30,醒吾科大,34,23.1,65,11,24,35,3,11,0,10,17,65,0,17,50,6,26,13,20
2019-01-04-16-30,義守大學,38,30.3,75,15,20,35,18,6,4,17,11,71,0,19,50,10,33,3,4
2019-01-04-16-30,健行科大,50,44.8,80,24,32,56,20,10,4,13,10,105,1,29,58,13,29,8,10
2019-01-04-18-15,北市大學,33.9,26.9,46.7,5,24,29,11,19,3,18,13,66,0,19,56,7,26,7,15
2019-01-04-18-15,輔仁大學,43.9,39.4,75,16,49,65,23,13,6,31,17,87,1,18,41,13,33,12,16
2019-01-04-18-15,政治大學,47.5,22.6,66.7,11,40,51,15,7,4,20,12,67,1,19,40,7,31,8,12
2019-01-04-18-15,萬能科大,30.2,20.6,14.3,13,27,40,8,10,1,20,13,48,0,13,43,7,34,1,7
2019-01-05-13-00,北市大學,59.5,34.6,84.6,3,29,32,14,7,5,18,19,82,0,22,37,9,26,11,13
2019-01-05-13-00,國立體大,44.9,25,72.2,20,25,45,16,10,2,11,13,87,1,22,49,10,40,13,18
2019-01-05-13-00,臺灣藝大,53.7,29.4,70.6,10,41,51,15,7,5,9,23,85,1,29,54,5,17,12,17
2019-01-05-13-00,醒吾科大,23.8,21.1,42.9,9,25,34,3,6,2,16,15,41,0,10,42,4,19,9,21
2019-01-05-14-45,政治大學,36.6,24.1,66.7,11,31,42,10,13,2,15,17,63,1,15,41,7,29,12,18
2019-01-05-14-45,臺灣科大,38.8,23.8,58.3,12,29,41,18,7,2,19,17,60,0,19,49,5,21,7,12
2019-01-05-14-45,中州科大,32.1,25.6,62.5,17,20,37,13,17,1,12,12,77,0,17,53,11,43,10,16
2019-01-05-14-45,健行科大,67.3,32,71.4,11,42,53,19,9,8,23,17,95,1,33,49,8,25,5,7
2019-01-05-16-30,義守大學,45.1,10,71.4,8,27,35,17,11,3,19,14,62,0,23,51,2,20,10,14
2019-01-05-16-30,臺灣師大,50.9,35.7,71.4,9,32,41,19,11,7,20,15,83,1,29,57,5,14,10,14
2019-01-05-16-30,臺北商大,46.2,26.7,53.6,9,21,30,12,10,1,11,17,75,1,24,52,4,15,15,28
2019-01-05-16-30,文化大學,41.5,19,76.5,23,32,55,10,8,8,22,25,69,0,22,53,4,21,13,17
2019-01-05-18-15,高雄師大,34.8,23.3,30,13,15,28,11,6,1,14,16,56,0,16,46,7,30,3,10
2019-01-05-18-15,輔仁大學,40,47.1,72.7,17,31,48,19,7,4,25,15,76,1,18,45,8,17,16,22
2019-01-05-18-15,屏東大學,27.5,25,30.8,15,36,51,11,5,1,26,15,44,0,11,40,6,24,4,13
2019-01-05-18-15,萬能科大,45.7,13.9,83.3,15,35,50,12,13,2,11,16,67,1,21,46,5,36,10,12
2019-01-06-13-00,臺灣科大,37.3,23.5,69.2,15,34,49,9,10,2,20,19,68,1,19,51,4,17,18,26
2019-01-06-13-00,臺北商大,32.7,26.1,52.6,13,29,42,10,10,6,16,18,60,0,16,49,6,23,10,19
2019-01-06-13-00,文化大學,43.9,27.8,58.3,20,36,56,22,15,9,35,19,87,0,25,57,10,36,7,12
2019-01-06-13-00,政治大學,52.4,30.3,60,17,29,46,23,26,4,24,19,105,1,33,63,10,33,9,15
2019-01-06-14-45,臺灣師大,42.9,33.3,52.4,16,28,44,18,13,3,13,12,86,1,24,56,9,27,11,21
2019-01-06-14-45,高雄師大,36.7,27.8,91.7,10,33,43,14,8,0,24,16,62,0,18,49,5,18,11,12
2019-01-06-14-45,醒吾科大,44.6,23.5,61.9,12,30,42,11,6,3,13,14,75,0,25,56,4,17,13,21
2019-01-06-14-45,屏東大學,43.4,43.8,69.2,10,28,38,17,9,7,16,20,76,1,23,53,7,16,9,13
2019-01-06-16-30,國立體大,51.1,43.3,77.8,11,32,43,22,18,3,15,9,94,1,24,47,13,30,7,9
2019-01-06-16-30,中州科大,30.4,36,50,10,27,37,11,11,1,22,14,57,0,14,46,9,25,2,4
2019-01-06-16-30,健行科大,47.7,39,61.5,13,43,56,21,7,1,11,14,98,1,21,44,16,41,8,13
2019-01-06-16-30,北市大學,37,29.4,72.7,13,33,46,18,8,1,7,14,78,0,20,54,10,34,8,11
2019-01-06-18-15,萬能科大,42.6,34.6,52.9,15,28,43,11,5,2,13,22,76,0,20,47,9,26,9,17
2019-01-06-18-15,臺灣藝大,46.8,23.1,66.7,15,31,46,15,8,2,9,19,85,1,29,62,3,13,18,27
2019-01-06-18-15,輔仁大學,46.2,21.1,90.9,8,34,42,12,10,10,21,15,58,1,18,39,4,19,10,11
2019-01-06-18-15,義守大學,27.9,17.6,81.8,20,22,42,9,11,2,18,13,51,0,12,43,6,34,9,11
2019-02-25-13-00,臺灣師大,34.6,39.3,87.5,18,29,47,19,9,7,11,19,83,1,18,52,11,28,14,16
2019-02-25-13-00,高雄師大,35.8,23.1,65,12,32,44,13,6,5,19,14,60,0,19,53,3,13,13,20
2019-02-25-14-45,國立體大,47.4,23.5,88,12,26,38,5,13,6,24,13,70,1,18,38,4,17,22,25
2019-02-25-14-45,文化大學,35.1,39.1,62.5,3,17,20,13,16,3,19,25,58,0,13,37,9,23,5,8
2019-02-25-16-30,輔仁大學,42.4,35.3,54.2,9,25,34,13,13,5,16,20,77,1,14,33,12,34,13,24
2019-02-25-16-30,政治大學,48.4,33.3,55.6,7,34,41,16,12,4,19,22,73,0,15,31,11,33,10,18
2019-02-25-18-15,健行科大,54.3,27.8,60,15,36,51,11,3,3,19,21,89,1,25,46,10,36,9,15
2019-02-25-18-15,義守大學,42.1,19,68.2,22,28,50,16,17,5,12,14,87,0,24,57,8,42,15,22
2019-02-26-13-00,高雄師大,50,35,72.7,11,25,36,12,11,4,21,13,71,1,21,42,7,20,8,11
2019-02-26-13-00,文化大學,36.6,11.5,81.8,10,20,30,7,16,2,21,20,48,0,15,41,3,26,9,11
2019-02-26-14-45,國立體大,39.4,28.6,67.9,17,19,36,17,15,1,13,17,75,1,13,33,10,35,19,28
2019-02-26-14-45,輔仁大學,30.8,37.5,86.4,13,29,42,8,9,3,23,24,61,0,12,39,6,16,19,22
2019-02-26-16-30,義守大學,47.2,22.7,100,13,19,32,9,9,1,12,12,70,0,25,53,5,22,5,5
2019-02-26-16-30,臺灣師大,56.5,30,61.5,14,27,41,19,7,5,15,16,87,1,35,62,3,10,8,13
2019-02-26-18-15,政治大學,45.8,29.2,37.5,13,18,31,12,8,2,15,14,68,0,22,48,7,24,3,8
2019-02-26-18-15,健行科大,68.3,38.7,100,16,27,43,22,10,2,15,13,104,1,28,41,12,31,12,12
2019-02-27-13-00,輔仁大學,43.9,29,53.8,12,30,42,17,7,7,17,12,70,0,18,41,9,31,7,13
2019-02-27-13-00,高雄師大,44.7,28.6,71.4,11,31,42,13,7,2,16,18,71,1,21,47,8,28,5,7
2019-02-27-14-45,文化大學,28.6,36,72.2,12,24,36,16,4,1,19,18,64,0,12,42,9,25,13,18
2019-02-27-14-45,臺灣師大,51.2,40,53.8,13,28,41,16,5,2,16,21,81,1,22,43,10,25,7,13
2019-02-27-16-30,義守大學,45.5,50,66.7,10,28,38,16,13,7,25,15,79,1,15,33,13,26,10,15
2019-02-27-16-30,政治大學,41.5,38.5,60,11,16,27,17,14,3,15,19,73,0,17,41,10,26,9,15
2019-02-27-18-15,健行科大,41.9,33.3,66.7,12,24,36,13,7,3,15,18,72,0,18,43,10,30,6,9
2019-02-27-18-15,國立體大,54.5,36,69.2,10,30,40,15,9,1,18,16,84,1,24,44,9,25,9,13
2019-02-28-13-00,文化大學,32.4,42.3,53.8,7,18,25,17,12,1,21,14,64,0,12,37,11,26,7,13
2019-02-28-13-00,輔仁大學,43.8,50,88.9,6,30,36,21,13,8,25,13,78,1,14,32,14,28,8,9
2019-02-28-14-45,國立體大,41.5,29.4,69.6,17,20,37,14,17,1,19,20,75,1,22,53,5,17,16,23
2019-02-28-14-45,義守大學,38.7,39.3,66.7,13,23,36,13,10,9,27,23,69,0,12,31,11,28,12,18
2019-02-28-16-30,臺灣師大,38,41.7,75,16,23,39,17,12,3,20,20,83,1,19,50,10,24,15,20
2019-02-28-16-30,政治大學,50,27.6,46.2,17,27,44,16,11,6,24,21,76,0,23,46,8,29,6,13
2019-02-28-18-15,高雄師大,47.1,25,83.3,14,26,40,13,7,3,17,19,74,0,24,51,7,28,5,6
2019-02-28-18-15,健行科大,50,34.5,75,11,29,40,19,14,4,18,12,84,1,21,42,10,29,12,16
2019-03-02-13-00,輔仁大學,38.3,27.8,88.9,13,30,43,14,8,3,15,17,75,1,18,47,5,18,24,27
2019-03-02-13-00,臺灣師大,42.6,16.7,82.4,11,18,29,18,4,6,16,24,69,0,23,54,3,18,14,17
2019-03-02-14-45,政治大學,43.8,50,87.5,8,22,30,14,12,2,24,18,73,0,21,48,8,16,7,8
2019-03-02-14-45,國立體大,52.5,40,66.7,10,22,32,19,12,3,21,14,86,1,21,40,12,30,8,12
2019-03-02-16-30,義守大學,46.7,23.8,64.3,15,33,48,14,7,2,23,17,66,1,21,45,5,21,9,14
2019-03-02-16-30,高雄師大,38.8,26.1,60,12,19,31,14,11,1,13,18,65,0,19,49,6,23,9,15
2019-03-02-18-15,健行科大,65.8,42.9,70,11,30,41,16,4,4,20,10,93,1,25,38,12,28,7,10
2019-03-02-18-15,文化大學,40.9,35.7,70,10,17,27,11,11,2,12,15,73,0,18,44,10,28,7,10
2019-03-03-13-00,臺灣師大,51,36,72.2,13,32,45,23,10,1,12,12,90,1,25,49,9,25,13,18
2019-03-03-13-00,國立體大,48.5,20.7,64.3,8,24,32,10,10,3,21,13,59,0,16,33,6,29,9,14
2019-03-03-14-45,文化大學,48.8,30.8,62.5,6,19,25,19,10,0,15,20,69,0,20,41,8,26,5,8
2019-03-03-14-45,義守大學,50,34.6,88.2,7,29,36,19,6,4,19,9,74,1,16,32,9,26,15,17
2019-03-03-16-30,高雄師大,32.7,39.4,75,15,21,36,22,19,2,21,14,78,0,18,55,13,33,3,4
2019-03-03-16-30,政治大學,50,32.4,81.8,13,34,47,19,13,8,29,11,82,1,20,40,11,34,9,11
2019-03-03-18-15,輔仁大學,29.6,18.5,76.5,5,29,34,9,7,4,18,12,44,0,8,27,5,27,13,17
2019-03-03-18-15,健行科大,42.4,24.2,83.3,10,33,43,12,11,5,13,12,62,1,14,33,8,33,10,12
2019-03-04-13-00,國立體大,61.1,31,100,7,28,35,17,15,5,24,9,81,1,22,36,9,29,10,10
2019-03-04-13-00,高雄師大,41.7,33.3,50,10,19,29,17,13,2,21,10,68,0,20,48,8,24,4,8
2019-03-04-14-45,政治大學,47.3,26.3,42.9,16,29,45,20,10,4,22,17,70,1,26,55,5,19,3,7
2019-03-04-14-45,文化大學,44.7,35,42.9,9,18,27,18,14,5,14,16,69,0,21,47,7,20,6,14
2019-03-04-16-30,義守大學,55.3,22.2,68.4,12,26,38,14,9,4,9,11,73,1,21,38,6,27,13,19
2019-03-04-16-30,輔仁大學,58.3,27.3,66.7,4,25,29,14,5,4,12,14,64,0,21,36,6,22,4,6
2019-03-04-18-15,健行科大,50,44.4,76.5,7,27,34,10,8,5,18,18,81,0,22,44,8,18,13,17
2019-03-04-18-15,臺灣師大,45.1,33.3,66.7,12,20,32,16,11,4,11,15,83,1,23,51,9,27,10,15
2019-03-23-17-00,義守大學,48.7,41.4,80,12,30,42,16,11,4,14,18,90,1,19,39,12,29,16,20
2019-03-23-17-00,臺灣師大,38.6,26.7,41.7,20,19,39,16,10,3,15,18,68,0,17,44,8,30,10,24
2019-03-23-19-00,國立體大,43.1,30,62.5,20,21,41,19,7,1,16,27,101,1,25,58,12,40,15,24
2019-03-23-19-00,健行科大,41.5,33.3,72.7,23,32,55,15,9,1,19,17,98,0,22,53,10,30,24,33
2019-03-24-15-00,臺灣師大,41.2,42.1,75,15,25,40,16,11,3,16,19,78,1,21,51,8,19,12,16
2019-03-24-15-00,國立體大,45.2,34.4,63.6,10,26,36,16,11,2,15,15,75,0,14,31,11,32,14,22
2019-03-24-19-00,義守大學,31.7,24.4,58.3,23,23,46,15,7,0,18,11,63,0,13,41,10,41,7,12
2019-03-24-19-00,健行科大,54.3,37.1,91.7,10,31,41,17,12,7,9,17,88,1,19,35,13,35,11,12
2019-11-25-13-00,健行科大,48.1,37.5,78.9,20,47,67,21,15,2,18,13,110,1,25,52,15,40,15,19
2019-11-25-13-00,宏國德霖,24.5,13.8,70,12,27,39,14,7,4,27,20,43,0,12,49,4,29,7,10
2019-11-25-14-45,國立體大,31,18.9,50,15,28,43,12,12,2,28,18,44,0,9,29,7,37,5,10
2019-11-25-14-45,世新大學,40.8,15.4,64.7,8,27,35,13,23,3,19,15,57,1,20,49,2,13,11,17
2019-11-25-16-30,文化大學,40.4,23.1,70,14,25,39,12,8,3,19,21,58,1,21,52,3,13,7,10
2019-11-25-16-30,臺灣藝大,46.7,20,63.6,11,27,38,9,8,5,19,15,57,0,14,30,5,25,14,22
2019-11-25-18-15,輔仁大學,51,27.3,39.1,14,41,55,16,19,3,16,22,86,1,25,49,9,33,9,23
2019-11-25-18-15,臺北商大,34.1,8.7,40,11,33,44,8,7,4,27,19,44,0,14,41,2,23,10,25
2019-11-26-13-00,文化大學,35.9,31.6,50,9,25,34,7,7,5,23,14,49,0,14,39,6,19,3,6
2019-11-26-13-00,國立體大,41.3,16.7,64.3,12,22,34,11,14,6,13,13,56,1,19,46,3,18,9,14
2019-11-26-14-45,臺灣藝大,45.5,22.9,88.9,11,18,29,13,1,1,14,15,62,0,15,33,8,35,8,9
2019-11-26-14-45,健行科大,63.4,40.6,72.7,11,28,39,19,8,2,6,14,99,1,26,41,13,32,8,11
2019-11-26-16-30,臺北商大,27,19.2,58.3,13,25,38,8,8,0,26,18,42,0,10,37,5,26,7,12
2019-11-26-16-30,世新大學,31.1,43.5,40.9,18,29,47,12,11,6,19,18,67,1,14,45,10,23,9,22
2019-11-26-18-15,輔仁大學,52.7,33.3,57.6,13,32,45,18,19,7,23,18,95,1,29,55,6,18,19,33
2019-11-26-18-15,宏國德霖,37.5,31.8,60,15,22,37,16,15,2,21,29,75,0,21,56,7,22,12,20
2019-11-27-13-00,臺灣藝大,51.4,56.7,66.7,11,29,40,20,8,6,19,19,89,1,18,35,17,30,2,3
2019-11-27-13-00,臺北商大,34.9,28,77.8,9,18,27,9,12,4,12,7,65,0,15,43,7,25,14,18
2019-11-27-14-45,文化大學,40.9,13,35.3,15,23,38,11,10,2,21,25,51,0,18,44,3,23,6,17
2019-11-27-14-45,世新大學,43.4,22.2,56,19,27,46,11,16,7,18,20,72,1,23,53,4,18,14,25
2019-11-27-16-30,國立體大,51,11.1,66.7,17,30,47,18,15,6,23,12,67,1,25,49,3,27,8,12
2019-11-27-16-30,宏國德霖,46.2,23.1,0,7,30,37,11,11,2,31,18,54,0,18,39,6,26,0,3
2019-11-27-18-15,輔仁大學,35.6,40,66.7,7,30,37,16,10,6,20,18,68,0,16,45,8,20,12,18
2019-11-27-18-15,健行科大,40.5,26.2,58.3,19,29,48,14,10,6,21,16,74,1,17,42,11,42,7,12
2019-11-29-13-00,宏國德霖,42,32.1,71.4,12,31,43,17,17,1,28,15,79,1,21,50,9,28,10,14
2019-11-29-13-00,臺北商大,37,30.3,50,17,27,44,14,18,7,27,14,70,0,17,46,10,33,6,12
2019-11-29-14-45,世新大學,40,25,50,14,32,46,14,6,5,17,15,65,0,20,50,7,28,4,8
2019-11-29-14-45,臺灣藝大,42.9,32,62.5,8,36,44,19,9,2,19,14,71,1,21,49,8,25,5,8
2019-11-29-16-30,健行科大,43.6,38.2,60,9,21,30,18,20,5,13,12,85,1,17,39,13,34,12,20
2019-11-29-16-30,文化大學,42,33.3,33.3,18,36,54,12,10,3,32,19,68,0,21,50,8,24,2,6
2019-11-29-18-15,國立體大,54.5,18.8,63.3,5,28,33,9,5,6,19,15,64,0,18,33,3,16,19,30
2019-11-29-18-15,輔仁大學,51.9,33.3,66.7,13,23,36,18,16,4,12,24,92,1,27,52,10,30,8,12
2019-11-30-13-00,宏國德霖,44.2,42.1,48,13,29,42,13,12,2,22,23,74,1,19,43,8,19,12,25
2019-11-30-13-00,臺灣藝大,51.9,26.3,61.9,10,23,33,19,9,4,18,22,71,0,14,27,10,38,13,21
2019-11-30-14-45,臺北商大,44.2,28.6,65.4,9,27,36,9,5,1,18,24,73,0,19,43,6,21,17,26
2019-11-30-14-45,文化大學,40,26.3,70.8,17,28,45,16,14,2,12,24,80,1,24,60,5,19,17,24
2019-11-30-16-30,健行科大,41.5,42.9,66.7,11,22,33,16,9,3,18,14,74,1,17,41,12,28,4,6
2019-11-30-16-30,國立體大,38.2,30,57.1,11,20,31,12,12,4,25,7,52,0,13,34,6,20,8,14
2019-11-30-18-15,世新大學,40,19.4,42.9,20,27,47,8,10,5,19,22,66,0,18,45,6,31,12,28
2019-11-30-18-15,輔仁大學,37.2,35.7,82.6,16,31,47,24,10,5,19,20,81,1,16,43,10,28,19,23
2019-12-01-13-00,健行科大,69.2,43.6,54.5,12,33,45,24,15,2,10,12,111,1,27,39,17,39,6,11
2019-12-01-13-00,臺北商大,33.3,21.2,75,8,19,27,11,7,1,23,9,47,0,10,30,7,33,6,8
2019-12-01-14-45,宏國德霖,44.7,14.8,59.1,14,24,38,16,12,3,24,19,67,0,21,47,4,27,13,22
2019-12-01-14-45,世新大學,52.5,50,66.7,14,33,47,25,18,9,27,21,107,1,21,40,17,34,14,21
2019-12-01-16-30,國立體大,37.8,33.3,50,6,32,38,12,6,4,17,15,52,1,14,37,5,15,9,18
2019-12-01-16-30,臺灣藝大,40.9,8.3,75,3,26,29,8,10,6,9,17,51,0,18,44,1,12,12,16
2019-12-01-18-15,輔仁大學,47.3,27.8,80,14,28,42,14,18,7,19,22,83,1,26,55,5,18,16,20
2019-12-01-18-15,文化大學,33.3,26.3,50,14,23,37,7,8,4,26,12,58,0,16,48,5,19,11,22
2019-12-02-13-00,臺北商大,30,21.2,50,13,28,41,4,10,0,14,11,51,0,12,40,7,33,6,12
2019-12-02-13-00,國立體大,47.1,31.4,80,13,40,53,21,7,5,17,13,73,1,16,34,11,35,8,10
2019-12-02-14-45,文化大學,51.1,16.7,62.5,16,24,40,16,14,4,21,27,73,1,24,47,5,30,10,16
2019-12-02-14-45,宏國德霖,44.7,16.7,64.3,11,26,37,7,10,1,23,20,69,0,21,47,3,18,18,28
2019-12-02-16-30,世新大學,42.2,32.1,75,20,30,50,19,6,4,13,19,87,0,27,64,9,28,6,8
2019-12-02-16-30,健行科大,44.4,34.2,88.2,17,30,47,19,10,1,11,15,94,1,20,45,13,38,15,17
2019-12-02-18-15,臺灣藝大,33.3,12.5,78.6,6,25,31,11,10,2,10,19,50,0,15,45,3,24,11,14
2019-12-02-18-15,輔仁大學,38.1,34.8,85.7,14,34,48,15,8,3,14,15,74,1,16,42,8,23,18,21
2019-12-05-13-00,高雄師大,39.5,30.8,71.4,8,24,32,10,2,5,9,10,59,0,15,38,8,26,5,7
2019-12-05-13-00,中州科大,37.5,37.9,80,17,26,43,19,7,4,6,15,77,1,18,48,11,29,8,10
2019-12-05-14-45,臺灣師大,57.4,38.1,38.9,19,36,55,17,8,1,11,21,101,1,35,61,8,21,7,18
2019-12-05-14-45,康寧大學,36.4,36,80,7,24,31,5,6,0,9,15,79,0,16,44,9,25,20,25
2019-12-05-16-30,政治大學,50,27.8,70.8,17,34,51,12,8,1,11,13,90,1,29,58,5,18,17,24
2019-12-05-16-30,臺灣科大,25,57.1,66.7,5,22,27,11,8,2,12,18,74,0,10,40,16,28,6,9
2019-12-05-18-15,義守大學,59.5,42.9,100,10,22,32,23,6,6,2,14,93,1,22,37,15,35,4,4
2019-12-05-18-15,明道大學,47.2,35,53.8,10,20,30,16,3,2,11,9,78,0,25,53,7,20,7,13
2019-12-06-13-00,臺灣科大,29.4,35,52.6,2,23,25,9,10,2,24,12,51,0,10,34,7,20,10,19
2019-12-06-13-00,高雄師大,44.2,39.1,66.7,19,33,52,17,14,2,20,18,79,1,23,52,9,23,6,9
2019-12-06-14-45,康寧大學,39.5,30,68.8,6,28,34,10,5,3,15,14,63,0,17,43,6,20,11,16
2019-12-06-14-45,政治大學,38.3,41.2,71.4,20,30,50,17,12,9,12,14,83,1,18,47,14,34,5,7
2019-12-06-16-30,明道大學,43.5,21.1,78.6,6,22,28,8,6,1,13,9,63,0,20,46,4,19,11,14
2019-12-06-16-30,中州科大,56.8,45.8,55.6,14,25,39,19,5,5,11,15,88,1,25,44,11,24,5,9
2019-12-06-18-15,義守大學,44.7,26.9,54.5,7,21,28,10,1,0,10,6,61,0,17,38,7,26,6,11
2019-12-06-18-15,臺灣師大,55,40,87.5,13,25,38,13,4,7,6,13,81,1,22,40,10,25,7,8
2019-12-07-13-00,明道大學,51.1,25,81.2,9,29,38,13,4,1,7,11,79,1,24,47,6,24,13,16
2019-12-07-13-00,康寧大學,52.4,30.4,69.2,8,25,33,9,5,3,8,13,74,0,22,42,7,23,9,13
2019-12-07-14-45,中州科大,47.6,31.8,50,14,23,37,14,3,5,14,16,67,0,20,42,7,22,6,12
2019-12-07-14-45,臺灣師大,45,47.1,75,7,19,26,12,8,5,6,18,72,1,18,40,8,17,12,16
2019-12-07-16-30,政治大學,40.9,48,60,25,29,54,14,10,8,17,14,81,1,18,44,12,25,9,15
2019-12-07-16-30,高雄師大,35.4,24,60,16,17,33,11,8,2,19,17,58,0,17,48,6,25,6,10
2019-12-07-18-15,義守大學,48.9,25,77.8,11,23,34,13,16,1,6,17,81,1,23,47,7,28,14,18
2019-12-07-18-15,臺灣科大,55.2,28.1,63.2,14,29,43,8,6,5,21,19,71,0,16,29,9,32,12,19
2019-12-08-13-00,康寧大學,54.8,33.3,71.8,4,38,42,15,8,5,14,14,101,1,23,42,9,27,28,39
2019-12-08-13-00,中州科大,52.9,30.3,56.2,11,29,40,21,8,5,13,24,93,0,27,51,10,33,9,16
2019-12-08-14-45,明道大學,54.3,33.3,36.4,8,32,40,10,8,0,13,17,73,1,25,46,5,15,8,22
2019-12-08-14-45,臺灣科大,38.6,26.9,60,11,27,38,11,9,2,13,18,64,0,17,44,7,26,9,15
2019-12-08-16-30,臺灣師大,58.3,14.3,58.3,9,28,37,10,7,2,14,17,69,1,28,48,2,14,7,12
2019-12-08-16-30,政治大學,33.3,23.8,80,19,19,38,6,7,3,11,19,63,0,18,54,5,21,12,15
2019-12-08-18-15,義守大學,38.2,30.8,65.4,20,22,42,16,8,0,10,16,83,0,21,55,8,26,17,26
2019-12-08-18-15,高雄師大,58.1,34.6,71.4,7,29,36,10,7,1,12,19,87,1,25,43,9,26,10,14
2019-12-10-13-00,政治大學,57.5,27.6,47.4,10,22,32,12,13,1,13,8,79,1,23,40,8,29,9,19
2019-12-10-13-00,明道大學,52.6,38.5,30,10,26,36,19,8,2,21,16,73,0,20,38,10,26,3,10
2019-12-10-14-45,高雄師大,40.9,31.2,83.3,7,22,29,10,10,2,11,16,66,0,18,44,5,16,15,18
2019-12-10-14-45,臺灣師大,48,66.7,42.9,3,25,28,9,8,2,13,18,84,1,24,50,10,15,6,14
2019-12-10-16-30,臺灣科大,48.9,42.9,68.8,14,35,49,11,7,2,13,17,82,1,22,45,9,21,11,16
2019-12-10-16-30,康寧大學,44.7,28.9,35.3,14,21,35,8,7,4,10,15,73,0,17,38,11,38,6,17
2019-12-10-18-15,義守大學,47.4,54.2,76.9,4,25,29,11,8,8,8,18,85,1,18,38,13,24,10,13
2019-12-10-18-15,中州科大,42.5,39.4,69.2,12,26,38,10,7,4,15,18,82,0,17,40,13,33,9,13
2019-12-11-13-00,高雄師大,52.8,30.8,37.5,18,33,51,17,10,5,17,11,83,1,28,53,8,26,3,8
2019-12-11-13-00,康寧大學,36.4,22.2,37.5,10,23,33,9,14,3,23,12,50,0,16,44,4,18,6,16
2019-12-11-14-45,臺灣師大,50,53.3,66.7,11,23,34,22,19,2,13,18,104,1,19,38,16,30,18,27
2019-12-11-14-45,明道大學,41.9,37.5,66.7,4,16,20,7,8,3,30,23,47,0,13,31,3,8,12,18
2019-12-11-16-30,中州科大,49,23.1,68.4,21,29,50,16,13,2,16,19,81,1,25,51,6,26,13,19
2019-12-11-16-30,臺灣科大,51.4,24,75,3,19,22,12,7,4,17,24,60,0,18,35,6,25,6,8
2019-12-11-18-15,政治大學,47.3,20,33.3,11,26,37,14,8,3,15,15,67,0,26,55,4,20,3,9
2019-12-11-18-15,義守大學,38.8,39.1,70,6,28,34,14,8,7,16,12,72,1,19,49,9,23,7,10
2019-12-12-13-00,臺灣科大,43.2,33.3,76.9,9,24,33,10,6,3,15,8,66,0,19,44,6,18,10,13
2019-12-12-13-00,臺灣師大,55.6,28.6,85.7,13,29,42,18,11,3,12,15,80,1,25,45,8,28,6,7
2019-12-12-14-45,高雄師大,65.9,31.8,72.7,7,23,30,17,9,7,11,17,83,1,27,41,7,22,8,11
2019-12-12-14-45,明道大學,50,30,80,14,24,38,14,8,1,14,12,82,0,28,56,6,20,8,10
2019-12-12-16-30,中州科大,33.3,22,77.8,21,18,39,12,11,2,11,16,67,0,13,39,9,41,14,18
2019-12-12-16-30,政治大學,52.5,50,71.4,6,40,46,20,8,1,18,17,79,1,21,40,9,18,10,14
2019-12-12-18-15,康寧大學,37.8,31.2,73.7,13,27,40,19,7,2,12,20,78,0,17,45,10,32,14,19
2019-12-12-18-15,義守大學,52.2,35,57.1,6,32,38,21,8,1,16,14,81,1,24,46,7,20,12,21
2019-12-19-13-00,明道大學,42.1,29.2,70,7,24,31,14,6,1,19,11,60,0,16,38,7,24,7,10
2019-12-19-13-00,國立體大,48.9,18.5,77.8,20,25,45,12,13,4,11,11,68,1,23,47,5,27,7,9
2019-12-19-13-00,中州科大,31.8,7.7,63.2,17,26,43,5,11,1,29,16,46,0,14,44,2,26,12,19
2019-12-19-13-00,輔仁大學,51,36,64.3,11,32,43,22,12,12,18,22,88,1,26,51,9,25,9,14
2019-12-19-14-45,高雄師大,51.2,23.3,75,14,35,49,18,8,4,13,15,74,1,22,43,7,30,9,12
2019-12-19-14-45,臺北商大,27.9,19.2,81.8,15,29,44,9,9,3,17,11,57,0,12,43,5,26,18,22
2019-12-19-14-45,臺灣師大,52.2,30.6,72.2,15,40,55,29,7,3,11,17,94,1,24,46,11,36,13,18
2019-12-19-14-45,宏國德霖,39.3,27.3,37.5,5,28,33,6,6,4,13,19,59,0,22,56,3,11,6,16
2019-12-19-16-30,康寧大學,43.4,18.2,35.7,9,23,32,14,14,2,22,13,63,0,23,53,4,22,5,14
2019-12-19-16-30,健行科大,63.4,29.7,81.2,17,40,57,21,8,4,21,13,98,1,26,41,11,37,13,16
2019-12-19-16-30,義守大學,43.2,32.1,77.8,11,23,34,17,13,2,19,18,72,1,19,44,9,28,7,9
2019-12-19-16-30,世新大學,40.4,27.8,69.6,14,25,39,13,14,3,21,13,69,0,19,47,5,18,16,23
2019-12-19-18-15,政治大學,39.6,43.5,53.3,15,33,48,18,7,5,22,17,76,1,19,48,10,23,8,15
2019-12-19-18-15,臺灣藝大,34,38.1,66.7,9,22,31,14,8,1,20,18,64,0,17,50,8,21,6,9
2019-12-19-18-15,臺灣科大,36.1,23.8,56.2,13,28,41,8,10,6,24,18,50,0,13,36,5,21,9,16
2019-12-19-18-15,文化大學,34.1,17.6,72.2,10,20,30,8,14,3,13,15,52,1,15,44,3,17,13,18
2019-12-20-13-00,臺灣藝大,61.9,25,60,4,25,29,15,6,2,10,15,79,0,26,42,6,24,9,15
2019-12-20-13-00,高雄師大,55.8,25.9,75,8,20,28,14,8,2,13,13,81,1,24,43,7,27,12,16
2019-12-20-13-00,宏國德霖,47.2,25,37.5,21,20,41,19,12,2,27,15,71,0,25,53,6,24,3,8
2019-12-20-13-00,義守大學,73.2,38.1,100,12,22,34,25,19,5,16,7,114,1,30,41,16,42,6,6
2019-12-20-14-45,文化大學,44.7,20,63.6,9,17,26,13,12,3,18,16,56,0,17,38,5,25,7,11
2019-12-20-14-45,中州科大,42.1,33.3,53.8,17,19,36,15,10,3,21,17,66,1,16,38,9,27,7,13
2019-12-20-14-45,健行科大,45.9,28.9,72.7,18,30,48,16,16,4,11,8,89,1,17,37,13,45,16,22
2019-12-20-14-45,明道大學,36.4,20.7,50,13,31,44,14,9,3,23,18,52,0,16,44,6,29,2,4
2019-12-20-16-30,世新大學,33.3,39.1,57.1,9,20,29,10,11,4,19,14,63,0,14,42,9,23,8,14
2019-12-20-16-30,臺灣師大,53.7,33.3,56.2,14,24,38,17,9,3,19,13,74,1,22,41,7,21,9,16
2019-12-20-16-30,國立體大,44,29.6,57.9,18,29,47,14,18,3,16,14,79,1,22,50,8,27,11,19
2019-12-20-16-30,康寧大學,34,22.2,72.7,12,25,37,8,6,7,26,16,52,0,16,47,4,18,8,11
2019-12-20-18-15,臺北商大,34,16.7,64.3,10,29,39,8,11,1,15,9,55,0,17,50,4,24,9,14
2019-12-20-18-15,政治大學,48.4,27.3,57.1,13,41,54,18,7,5,21,16,70,1,15,31,12,44,4,7
2019-12-20-18-15,輔仁大學,49.1,15,52.2,14,25,39,17,21,2,16,20,73,1,26,53,3,20,12,23
2019-12-20-18-15,臺灣科大,47.1,25.9,71.4,12,25,37,12,5,2,22,20,68,0,16,34,7,27,15,21
2019-12-21-13-00,康寧大學,39.5,10,41.7,12,29,41,8,12,4,23,13,45,0,17,43,2,20,5,12
2019-12-21-13-00,文化大學,37,26.3,54.5,14,28,42,15,13,3,17,15,61,1,20,54,5,19,6,11
2019-12-21-13-00,臺灣師大,58.1,28.6,64.7,14,38,52,15,7,3,16,15,79,1,25,43,6,21,11,17
2019-12-21-13-00,臺灣藝大,33.3,18.2,54.5,5,21,26,7,6,4,12,19,44,0,13,39,4,22,6,11
2019-12-21-14-45,臺灣科大,20.5,37.5,82.4,8,29,37,13,10,1,21,17,59,0,9,44,9,24,14,17
2019-12-21-14-45,健行科大,49,26.3,57.1,21,38,59,18,14,3,17,23,88,1,25,51,10,38,8,14
2019-12-21-14-45,義守大學,59.4,25,90,10,28,38,11,9,5,9,16,71,1,19,32,8,32,9,10
2019-12-21-14-45,臺北商大,38.5,21.4,66.7,12,25,37,8,7,2,12,16,61,0,20,52,3,14,12,18
2019-12-21-16-30,高雄師大,42.5,31.6,44.4,6,19,25,19,13,3,26,8,56,0,17,40,6,19,4,9
2019-12-21-16-30,世新大學,50,40,60,11,33,44,11,15,5,21,12,77,1,28,56,6,15,3,5
2019-12-21-16-30,政治大學,52.4,29.2,80,22,37,59,21,8,6,12,21,98,1,22,42,14,48,12,15
2019-12-21-16-30,宏國德霖,36,12,47.8,14,24,38,10,9,2,13,19,56,0,18,50,3,25,11,23
2019-12-21-18-15,中州科大,41.2,47.4,100,16,22,38,14,14,6,19,19,74,1,21,51,9,19,5,5
2019-12-21-18-15,國立體大,46.9,29.2,63.2,7,24,31,17,14,3,22,12,63,0,15,32,7,24,12,19
2019-12-21-18-15,明道大學,28.9,16.7,100,9,22,31,11,9,3,14,14,43,0,11,38,5,30,6,6
2019-12-21-18-15,輔仁大學,48,32,69.2,17,32,49,29,11,4,13,12,81,1,24,50,8,25,9,13
2019-12-22-13-00,臺灣藝大,52.5,27.3,66.7,5,23,28,14,8,2,12,19,68,0,21,40,6,22,8,12
2019-12-22-13-00,義守大學,48.9,31.2,72.7,12,31,43,16,7,1,15,15,77,1,23,47,5,16,16,22
2019-12-22-13-00,宏國德霖,40.3,38.5,50,13,29,42,18,13,1,25,17,73,0,25,62,5,13,8,16
2019-12-22-13-00,高雄師大,43.4,44.1,57.1,14,25,39,24,17,6,14,19,95,1,23,53,15,34,4,7
2019-12-22-14-45,國立體大,44.9,18.8,60,9,29,38,13,8,0,11,13,65,0,22,49,3,16,12,20
2019-12-22-14-45,臺灣科大,34.9,43.5,66.7,9,23,32,13,8,3,14,19,68,1,15,43,10,23,8,12
2019-12-22-14-45,文化大學,38,47.4,57.1,9,26,35,18,14,1,13,20,69,1,19,50,9,19,4,7
2019-12-22-14-45,明道大學,50,27.3,46.7,5,31,36,11,5,3,21,11,58,0,21,42,3,11,7,15
2019-12-22-16-30,健行科大,56.4,38.7,61.1,11,33,44,21,5,0,14,17,91,1,22,39,12,31,11,18
2019-12-22-16-30,中州科大,35.6,34.6,73.9,13,20,33,14,9,1,8,17,76,0,16,45,9,26,17,23
2019-12-22-16-30,臺北商大,39,19,62.5,9,31,40,6,9,2,16,11,49,0,16,41,4,21,5,8
2019-12-22-16-30,臺灣師大,35.1,29.4,44.4,17,26,43,14,9,1,18,13,60,1,13,37,10,34,4,9
2019-12-22-18-15,世新大學,34.6,28.6,50,14,27,41,11,3,4,18,12,61,0,18,52,6,21,7,14
2019-12-22-18-15,政治大學,48,29.2,71.4,15,33,48,13,14,3,15,17,74,1,24,50,7,24,5,7
2019-12-22-18-15,輔仁大學,54.4,45.8,55.6,14,32,46,24,11,3,19,24,100,1,31,57,11,24,5,9
2019-12-22-18-15,康寧大學,31.1,32.1,53.6,13,19,32,9,16,1,18,12,70,0,14,45,9,28,15,28
2020-01-16-13-00,文化大學,38,12.5,78.6,13,22,35,11,12,4,15,21,55,0,19,50,2,16,11,14
2020-01-16-13-00,義守大學,50,20,52.4,15,27,42,13,11,7,23,17,63,1,20,40,4,20,11,21
2020-01-16-13-00,臺北商大,42.5,33.3,72.7,9,31,40,10,8,2,18,11,69,1,17,40,9,27,8,11
2020-01-16-13-00,康寧大學,43.2,22,66.7,17,29,46,21,10,1,15,14,67,0,16,37,9,41,8,12
2020-01-16-14-45,健行科大,46.4,36.6,84.2,11,38,49,20,10,2,25,15,87,1,13,28,15,41,16,19
2020-01-16-14-45,高雄師大,43.4,25,60,12,22,34,15,17,3,13,17,76,0,23,53,8,32,6,10
2020-01-16-14-45,臺灣藝大,52.5,50,84.6,6,21,27,16,8,2,14,20,86,1,21,40,11,22,11,13
2020-01-16-14-45,明道大學,43.2,40,84,13,23,36,14,8,2,13,17,83,0,19,44,8,20,21,25
2020-01-16-16-30,國立體大,45.7,21.2,80,16,30,46,11,11,2,22,19,61,0,16,35,7,33,8,10
2020-01-16-16-30,政治大學,44.4,27.8,45,12,19,31,13,16,2,16,12,64,1,20,45,5,18,9,20
2020-01-16-16-30,輔仁大學,50,38.5,80,13,19,32,10,12,3,20,22,86,1,24,48,10,26,8,10
2020-01-16-16-30,臺灣師大,53.7,23.5,61.1,14,21,35,18,11,2,22,9,81,0,29,54,4,17,11,18
2020-01-16-18-15,世新大學,49.1,16,50,19,24,43,16,13,6,14,18,69,1,26,53,4,25,5,10
2020-01-16-18-15,臺灣科大,18.8,25,84.6,14,21,35,13,7,2,22,15,44,0,6,32,7,28,11,13
2020-01-16-18-15,宏國德霖,42.2,28.6,53.8,12,25,37,13,14,1,22,22,76,0,19,45,8,28,14,26
2020-01-16-18-15,中州科大,39,35.9,66.7,19,34,53,19,14,4,24,22,90,1,16,41,14,39,16,24
2020-01-17-13-00,高雄師大,37,17.6,60,9,28,37,8,11,5,17,19,58,0,20,54,3,17,9,15
2020-01-17-13-00,國立體大,45.2,25,46.2,9,35,44,13,12,6,24,16,62,1,19,42,4,16,12,26
2020-01-17-13-00,明道大學,60,37.5,80,5,36,41,19,11,3,22,20,77,1,21,35,9,24,8,10
2020-01-17-13-00,臺北商大,44.4,16.7,36.8,8,21,29,10,13,1,21,12,51,0,16,36,4,24,7,19
2020-01-17-14-45,義守大學,40.9,25,66.7,14,22,36,16,15,4,17,14,64,0,18,44,8,32,4,6
2020-01-17-14-45,輔仁大學,44.4,36,76.9,7,31,38,15,10,5,22,13,69,1,16,36,9,25,10,13
2020-01-17-14-45,康寧大學,34.7,27.8,60,12,28,40,13,14,3,14,14,61,0,17,49,5,18,12,20
2020-01-17-14-45,臺灣藝大,38.5,34.6,85.7,8,28,36,16,7,1,15,17,69,1,15,39,9,26,12,14
2020-01-17-16-30,臺灣師大,53.2,27.8,66.7,9,29,38,15,6,4,17,18,75,1,25,47,5,18,10,15
2020-01-17-16-30,文化大學,35.2,30,71.4,13,22,35,12,8,1,14,19,66,0,19,54,6,20,10,14
2020-01-17-16-30,政治大學,46.3,27.3,73.3,14,27,41,12,14,2,15,19,88,0,25,54,9,33,11,15
2020-01-17-16-30,健行科大,57.8,41.7,73.9,7,35,42,19,7,5,19,14,99,1,26,45,10,24,17,23
2020-01-17-18-15,中州科大,37,5.6,61.1,25,26,51,12,18,4,14,16,57,0,20,54,2,36,11,18
2020-01-17-18-15,世新大學,31.8,36.8,73.3,10,30,40,10,7,8,19,18,60,1,14,44,7,19,11,15
2020-01-17-18-15,臺灣科大,35.3,33.3,82.4,16,21,37,24,10,5,14,19,83,1,12,34,15,45,14,17
2020-01-17-18-15,宏國德霖,39.7,35,68.4,21,32,53,13,9,2,18,20,80,0,23,58,7,20,13,19
2020-01-18-13-00,文化大學,48.9,14.3,66.7,12,18,30,11,9,3,15,9,63,0,22,45,3,21,10,15
2020-01-18-13-00,政治大學,57.6,60,70,9,27,36,27,7,3,12,17,108,1,19,33,21,35,7,10
2020-01-18-13-00,國立體大,40.5,36.8,75.9,13,26,39,15,7,2,14,19,73,1,15,37,7,19,22,29
2020-01-18-13-00,義守大學,50,36,50,7,20,27,13,6,1,13,22,68,0,16,32,9,25,9,18
2020-01-18-14-45,宏國德霖,48.8,18.8,66.7,10,45,55,14,8,3,25,20,66,0,21,43,6,32,6,9
2020-01-18-14-45,康寧大學,43.2,20,57.1,17,34,51,15,16,3,12,13,74,1,19,44,8,40,12,21
2020-01-18-14-45,輔仁大學,44.4,23.8,70.6,10,36,46,12,12,12,23,13,67,1,20,45,5,21,12,17
2020-01-18-14-45,高雄師大,30.9,34.8,87.5,10,29,39,12,9,3,20,15,65,0,17,55,8,23,7,8
2020-01-18-16-30,健行科大,44,34.5,69.2,19,24,43,15,13,4,14,15,83,1,22,50,10,29,9,13
2020-01-18-16-30,臺灣師大,41.9,20.8,60,12,22,34,10,9,2,20,15,57,0,18,43,5,24,6,10
2020-01-18-16-30,臺北商大,44.7,27.3,63.2,15,18,33,12,6,0,16,14,72,0,21,47,6,22,12,19
2020-01-18-16-30,中州科大,58.1,24.4,75,20,22,42,17,8,3,11,20,92,1,25,43,10,41,12,16
2020-01-18-18-15,世新大學,25.7,34.3,57.1,16,24,40,13,12,2,22,15,66,1,9,35,12,35,12,21
2020-01-18-18-15,明道大學,51.9,32.1,70,4,26,30,14,13,2,23,16,62,0,14,27,9,28,7,10
2020-01-18-18-15,臺灣藝大,55.6,15.8,75,6,25,31,17,9,3,11,13,68,0,25,45,3,19,9,12
2020-01-18-18-15,臺灣科大,44.2,34.8,83.3,12,23,35,17,6,6,12,12,72,1,19,43,8,23,10,12
2020-01-19-13-00,高雄師大,59.3,37.5,69,6,17,23,22,15,3,25,18,79,0,16,27,9,24,20,29
2020-01-19-13-00,文化大學,54.8,52.9,56.2,11,17,28,19,11,1,26,25,82,1,23,42,9,17,9,16
2020-01-19-13-00,臺灣師大,57.5,16.7,73.3,11,23,34,19,6,4,13,15,72,0,23,40,5,30,11,15
2020-01-19-13-00,國立體大,55.3,20,46.2,15,23,38,19,8,4,11,16,73,1,26,47,5,25,6,13
2020-01-19-14-45,明道大學,48,19.4,64.7,23,42,65,13,11,4,27,12,77,1,24,50,6,31,11,17
2020-01-19-14-45,宏國德霖,37.5,13.9,42.9,13,25,38,15,15,3,19,17,54,0,18,48,5,36,3,7
2020-01-19-14-45,義守大學,33.3,17.9,91.7,17,27,44,10,7,2,12,12,58,0,13,39,7,39,11,12
2020-01-19-14-45,健行科大,57.4,37,50,11,37,48,18,10,3,11,14,93,1,27,47,10,27,9,18
2020-01-19-16-30,中州科大,38.9,27.3,80,21,33,54,13,11,2,16,17,72,1,21,54,6,22,12,15
2020-01-19-16-30,臺灣藝大,48.8,21.7,85.7,2,25,27,17,12,5,10,13,67,0,20,41,5,23,12,14
2020-01-19-16-30,政治大學,59.5,31.1,50,18,28,46,23,13,6,22,14,91,1,22,37,14,45,5,10
2020-01-19-16-30,輔仁大學,51,13.8,50,16,28,44,13,15,0,22,8,68,0,26,51,4,29,4,8
2020-01-19-18-15,康寧大學,36.1,25.9,50,5,29,34,9,12,8,28,10,51,0,13,36,7,27,4,8
2020-01-19-18-15,世新大學,50.8,10,62.5,17,34,51,11,16,3,18,14,77,1,33,65,2,20,5,8
2020-01-19-18-15,臺灣科大,48,30.3,100,12,33,45,16,5,3,18,11,74,1,12,25,10,33,20,20
2020-01-19-18-15,臺北商大,47.6,25.9,62.5,8,20,28,12,10,1,7,17,66,0,20,42,7,27,5,8
2020-02-22-13-00,健行科大,48.8,39.3,95.5,12,36,48,22,7,4,15,12,96,1,21,43,11,28,21,22
2020-02-22-13-00,中州科大,37.5,15.6,91.7,22,22,44,9,10,3,13,17,68,0,21,56,5,32,11,12
2020-02-22-14-45,輔仁大學,47.5,37,75,11,29,40,15,16,2,13,21,77,1,19,40,10,27,9,12
2020-02-22-14-45,國立體大,39.3,24,56.2,5,23,28,12,3,2,20,13,49,0,11,28,6,25,9,16
2020-02-22-16-30,臺灣師大,47.6,38.1,64.3,14,21,35,19,13,4,17,17,73,1,20,42,8,21,9,14
2020-02-22-16-30,世新大學,41.5,31.2,58.3,8,16,24,9,9,6,19,19,56,0,17,41,5,16,7,12
2020-02-22-18-15,政治大學,51.1,38.7,64.3,10,32,42,20,9,4,23,20,93,0,24,47,12,31,9,14
2020-02-22-18-15,義守大學,55.3,37.5,82.4,6,24,30,18,16,6,16,17,102,1,26,47,12,32,14,17
2020-02-23-13-00,國立體大,51.2,22.2,90,9,28,37,16,5,1,17,9,69,0,21,41,6,27,9,10
2020-02-23-13-00,健行科大,47.9,30,72.7,13,28,41,12,6,2,11,13,81,1,23,48,9,30,8,11
2020-02-23-14-45,臺灣師大,47.9,47.6,78.6,12,26,38,15,7,5,10,18,87,1,23,48,10,21,11,14
2020-02-23-14-45,政治大學,38.8,22.7,77.3,17,20,37,15,5,3,14,19,70,0,19,49,5,22,17,22
2020-02-23-16-30,中州科大,35.1,38.7,66.7,14,19,33,19,15,0,17,19,74,1,13,37,12,31,12,18
2020-02-23-16-30,世新大學,50,28.6,54.5,7,25,32,10,14,4,23,18,64,0,20,40,4,14,12,22
2020-02-23-18-15,義守大學,66.7,31.8,66.7,2,20,22,17,14,1,13,16,85,0,26,39,7,22,12,18
2020-02-23-18-15,輔仁大學,51,30,68.8,21,26,47,20,10,3,18,18,90,1,26,51,9,30,11,16
2020-02-24-13-00,政治大學,59,45,62.5,6,24,30,16,9,2,18,18,83,1,23,39,9,20,10,16
2020-02-24-13-00,中州科大,40.4,25.7,68.8,23,16,39,13,10,3,11,20,76,0,19,47,9,35,11,16
2020-02-24-14-45,輔仁大學,43.9,25,66.7,10,21,31,5,4,4,16,11,58,0,18,41,4,16,10,15
2020-02-24-14-45,臺灣師大,48.9,38.1,100,7,20,27,20,3,4,10,19,72,1,22,45,8,21,4,4
2020-02-24-16-30,世新大學,35,31.8,70,5,19,24,9,7,4,18,16,56,0,14,40,7,22,7,10
2020-02-24-16-30,健行科大,52.9,32.6,72.7,16,30,46,26,9,2,17,15,86,1,18,34,14,43,8,11
2020-02-24-18-15,國立體大,54.3,50,77.8,12,26,38,19,5,1,32,20,91,0,19,35,13,26,14,18
2020-02-24-18-15,義守大學,70.7,25,81,7,14,21,22,20,4,8,15,102,1,29,41,9,36,17,21
2020-02-26-13-00,世新大學,33.3,33.3,71.4,11,23,34,14,8,3,11,13,67,0,19,57,8,24,5,7
2020-02-26-13-00,政治大學,39.1,50,75,12,28,40,19,6,5,17,9,78,1,18,46,13,26,3,4
2020-02-26-14-45,臺灣師大,47.6,42.3,25,10,21,31,25,8,3,11,17,74,0,20,42,11,26,1,4
2020-02-26-14-45,國立體大,57.1,52.6,83.3,4,27,31,11,9,2,16,11,80,1,20,35,10,19,10,12
2020-02-26-16-30,健行科大,54.5,53.3,75,11,29,40,22,7,5,15,15,108,1,24,44,16,30,12,16
2020-02-26-16-30,義守大學,54.8,31.7,69.2,13,22,35,25,7,1,14,13,94,0,23,42,13,41,9,13
2020-02-26-18-15,中州科大,51.3,30,70,9,28,37,11,11,5,13,18,74,1,20,39,9,30,7,10
2020-02-26-18-15,輔仁大學,39.5,30.4,92.3,9,26,35,8,7,3,17,17,67,0,17,43,7,23,12,13
2020-02-27-13-00,政治大學,55.3,35,70,18,31,49,26,9,2,22,19,101,0,26,47,14,40,7,10
2020-02-27-13-00,健行科大,52,40.6,93.3,8,24,32,13,15,3,15,14,105,1,26,50,13,32,14,15
2020-02-27-14-45,義守大學,53.5,31.6,93.8,6,17,23,12,8,3,11,11,79,0,23,43,6,19,15,16
2020-02-27-14-45,臺灣師大,57.8,45.8,66.7,12,24,36,21,9,4,11,16,93,1,26,45,11,24,8,12
2020-02-27-16-30,輔仁大學,61.4,11.5,75,11,26,37,23,9,4,17,15,72,1,27,44,3,26,9,12
2020-02-27-16-30,世新大學,38,31.6,50,9,18,27,8,9,4,15,14,61,0,19,50,6,19,5,10
2020-02-27-18-15,國立體大,33.3,30.4,84,12,24,36,11,6,1,23,16,68,0,13,39,7,23,21,25
2020-02-27-18-15,中州科大,48.6,40,75,14,22,36,21,9,3,15,23,93,1,18,37,14,35,15,20
2020-02-28-13-00,健行科大,41.3,36.4,66.7,8,22,30,19,9,3,14,12,74,0,19,46,8,22,12,18
2020-02-28-13-00,臺灣師大,51.3,50,75,8,33,41,23,9,4,15,15,94,1,20,39,16,32,6,8
2020-02-28-14-45,世新大學,36.5,33.3,53.3,15,31,46,8,7,7,8,13,64,1,19,52,6,18,8,15
2020-02-28-14-45,國立體大,27.5,42.3,85.7,9,26,35,15,5,1,12,14,61,0,11,40,11,26,6,7
2020-02-28-16-30,政治大學,51.2,40.7,56.2,13,24,37,22,4,7,18,15,86,0,22,43,11,27,9,16
2020-02-28-16-30,輔仁大學,50,35.3,81.2,14,20,34,14,11,3,11,16,91,1,30,60,6,17,13,16
2020-02-28-18-15,中州科大,44.6,30.4,75,24,29,53,21,9,8,17,14,83,1,25,56,7,23,12,16
2020-02-28-18-15,義守大學,43.2,30.3,87.5,14,19,33,22,8,3,12,19,75,0,19,44,10,33,7,8
2020-02-29-13-00,國立體大,58.1,40.5,63.6,8,20,28,20,7,2,11,15,88,0,18,31,15,37,7,11
2020-02-29-13-00,政治大學,59,58.6,55.6,10,25,35,24,9,2,9,15,107,1,23,39,17,29,10,18
2020-02-29-14-45,義守大學,54.3,26.8,83.3,14,18,32,21,11,3,13,14,76,0,19,35,11,41,5,6
2020-02-29-14-45,世新大學,52,28,50,17,28,45,16,7,4,20,13,78,1,26,50,7,25,5,10
2020-02-29-16-30,臺灣師大,46.5,40.7,62.5,12,34,46,20,8,1,14,9,78,1,20,43,11,27,5,8
2020-02-29-16-30,中州科大,32.7,33.3,83.3,11,20,31,10,8,6,12,13,63,0,17,52,8,24,5,6
2020-02-29-18-15,輔仁大學,43.5,48.3,88.2,10,18,28,20,6,2,13,10,97,0,20,46,14,29,15,17
2020-02-29-18-15,健行科大,66.7,43.3,66.7,11,28,39,20,11,3,12,17,113,1,32,48,13,30,10,15
2020-03-21-15-00,輔仁大學,44,28.6,60,9,32,41,11,9,1,16,20,68,0,22,50,4,14,12,20
2020-03-21-15-00,臺灣師大,48.9,20.8,37.5,13,27,40,12,9,7,13,22,70,1,23,47,5,24,9,24
2020-03-21-19-00,健行科大,50,33.3,62.5,14,31,45,18,9,2,10,16,87,1,22,44,11,33,10,16
2020-03-21-19-00,中州科大,37,27,43.8,15,28,43,13,8,2,13,14,71,0,17,46,10,37,7,16
2020-03-22-15-00,輔仁大學,38.6,20.8,66.7,14,31,45,13,11,3,19,18,59,0,17,44,5,24,10,15
2020-03-22-15-00,中州科大,37.5,21.2,76.5,18,32,50,9,15,2,16,16,64,1,15,40,7,33,13,17
2020-03-22-19-00,臺灣師大,38.6,18.5,55.6,4,28,32,13,9,1,14,22,54,0,17,44,5,27,5,9
2020-03-22-19-00,健行科大,42.5,11.5,70.8,14,38,52,3,5,6,16,19,60,1,17,40,3,26,17,24
2020-11-20-13-00,健行科大,54.8,30.8,54.8,7,35,42,18,8,7,9,11,87,1,23,42,8,26,17,31
2020-11-20-13-00,中原大學,34.1,18.9,50,14,31,45,10,7,3,15,23,55,0,15,44,7,37,4,8
2020-11-20-14-45,國立體大,57.8,19.2,54.5,16,30,46,17,7,0,16,18,73,1,26,45,5,26,6,11
2020-11-20-14-45,文化大學,38,23.5,50,13,16,29,9,9,5,17,15,56,0,19,50,4,17,6,12
2020-11-20-16-30,政治大學,48.8,21.1,38.5,16,31,47,19,10,6,9,10,71,1,21,43,8,38,5,13
2020-11-20-16-30,臺灣藝大,40,14.3,33.3,12,31,43,7,7,2,18,13,50,0,18,45,4,28,2,6
2020-11-20-18-15,輔仁大學,64.3,25.7,75,14,45,59,14,11,4,24,15,84,1,27,42,9,35,3,4
2020-11-20-18-15,北市大學,52.6,21.3,30.8,6,27,33,15,15,1,15,7,63,0,10,19,13,61,4,13
2020-11-21-13-00,中原大學,50,10.5,53.1,6,23,29,6,6,3,10,17,61,1,19,38,2,19,17,32
2020-11-21-13-00,臺灣藝大,47.8,14.3,53.3,9,27,36,13,5,4,15,26,58,0,22,46,2,14,8,15
2020-11-21-14-45,北市大學,32.4,27.6,65.5,7,31,38,15,8,1,11,18,67,0,12,37,8,29,19,29
2020-11-21-14-45,文化大學,58.8,15.6,57.9,20,39,59,15,5,6,15,25,72,1,20,34,7,45,11,19
2020-11-21-16-30,健行科大,61.7,20.8,50,9,20,29,15,11,3,13,8,78,1,29,47,5,24,5,10
2020-11-21-16-30,國立體大,55.9,32.4,100,9,23,32,15,5,3,21,14,74,0,19,34,11,34,3,3
2020-11-21-18-15,輔仁大學,42.6,20.8,53.3,9,23,32,13,11,2,12,7,63,0,20,47,5,24,8,15
2020-11-21-18-15,政治大學,60,25,83.3,13,37,50,19,5,5,20,16,74,1,21,35,9,36,5,6
2020-11-22-13-00,文化大學,29.4,31,50,12,30,42,9,10,8,15,16,54,0,10,34,9,29,7,14
2020-11-22-13-00,臺灣藝大,37.7,25,43.8,15,32,47,14,9,4,18,16,59,1,20,53,4,16,7,16
2020-11-22-14-45,國立體大,50,24.2,78.6,12,33,45,23,10,2,16,13,77,1,21,42,8,33,11,14
2020-11-22-14-45,北市大學,38.1,34.8,69.2,5,28,33,14,9,5,17,15,65,0,16,42,8,23,9,13
2020-11-22-16-30,政治大學,50,40,54.5,11,27,38,18,12,3,18,14,84,1,24,48,10,25,6,11
2020-11-22-16-30,健行科大,52.1,31.2,50,14,30,44,22,13,2,16,10,83,0,25,48,10,32,3,6
2020-11-22-18-15,輔仁大學,41.7,23.1,50,10,26,36,10,10,3,14,10,56,0,20,48,3,13,7,14
2020-11-22-18-15,中原大學,37,20.8,66.7,25,27,52,10,6,2,14,14,59,1,20,54,5,24,4,6
2020-11-23-13-00,北市大學,38.2,37.8,66.7,6,27,33,21,12,0,15,20,82,1,13,34,14,37,14,21
2020-11-23-13-00,政治大學,54.2,12.5,57.7,16,36,52,11,12,4,19,21,76,0,26,48,3,24,15,26
2020-11-23-14-45,中原大學,39.1,34.8,57.1,19,27,46,11,7,0,17,18,64,1,18,46,8,23,4,7
2020-11-23-14-45,文化大學,52.4,16.7,42.9,10,19,29,6,9,4,10,15,59,0,22,42,3,18,6,14
2020-11-23-16-30,臺灣藝大,34.1,17.6,47.1,9,26,35,4,8,5,17,23,45,0,14,41,3,17,8,17
2020-11-23-16-30,國立體大,40.9,28.6,31.8,10,32,42,9,8,2,19,18,55,1,18,44,4,14,7,22
2020-11-23-18-15,健行科大,55,19.4,66.7,13,27,40,17,12,4,14,9,76,0,22,40,6,31,14,21
2020-11-23-18-15,輔仁大學,51.1,41.4,25,10,32,42,23,8,3,15,19,83,1,23,45,12,29,1,4
2020-11-25-13-00,國立體大,35.1,41.7,48,5,34,39,8,5,7,18,15,53,1,13,37,5,12,12,25
2020-11-25-13-00,中原大學,33.3,20,37.5,11,29,40,8,6,1,15,21,48,0,18,54,3,15,3,8
2020-11-25-14-45,北市大學,36.4,22.2,71.4,11,30,41,12,9,1,14,13,59,0,12,33,10,45,5,7
2020-11-25-14-45,健行科大,58.5,22.9,41.7,21,39,60,19,11,4,15,9,86,1,24,41,11,48,5,12
2020-11-25-16-30,文化大學,50,23.5,33.3,7,23,30,18,13,4,27,18,65,0,25,50,4,17,3,9
2020-11-25-16-30,政治大學,55.8,26.1,63.2,8,30,38,25,20,6,22,16,78,1,24,43,6,23,12,19
2020-11-25-18-15,臺灣藝大,45.8,23.1,50,12,28,40,14,14,3,13,19,86,1,27,59,6,26,14,28
2020-11-25-18-15,輔仁大學,50,26.7,50,7,39,46,15,8,3,21,21,84,0,30,60,4,15,12,24
2020-11-26-13-00,中原大學,40,35.1,80,13,24,37,18,6,3,11,18,79,0,18,45,13,37,4,5
2020-11-26-13-00,北市大學,36.4,47.6,95.8,9,37,46,17,5,3,15,10,85,1,16,44,10,21,23,24
2020-11-26-14-45,健行科大,44.3,37.5,66.7,18,30,48,16,10,5,15,11,80,1,27,61,6,16,8,12
2020-11-26-14-45,臺灣藝大,45.9,18.8,60,11,24,35,11,10,1,17,11,58,0,17,37,6,32,6,10
2020-11-26-16-30,政治大學,45.3,23.1,83.3,11,28,39,17,9,2,15,15,67,1,24,53,3,13,10,12
2020-11-26-16-30,國立體大,29,28.9,81.8,19,25,44,12,8,3,22,14,60,0,9,31,11,38,9,11
2020-11-26-18-15,輔仁大學,56.8,41.7,66.7,6,23,29,24,15,2,16,20,84,1,25,44,10,24,4,6
2020-11-26-18-15,文化大學,48.8,21.1,54.2,11,20,31,14,11,1,21,9,65,0,20,41,4,19,13,24
2020-11-27-13-00,臺灣藝大,48.8,20.7,83.3,14,32,46,13,8,2,12,18,65,0,21,43,6,29,5,6
2020-11-27-13-00,北市大學,43.6,47.1,52.2,6,29,35,14,7,2,12,13,70,1,17,39,8,17,12,23
2020-11-27-14-45,文化大學,42,26.3,52.9,19,21,40,12,6,3,24,27,66,0,21,50,5,19,9,17
2020-11-27-14-45,健行科大,56.7,36,75,6,25,31,19,11,7,17,20,82,1,17,30,9,25,21,28
2020-11-27-16-30,政治大學,57.6,21.4,50,13,26,39,19,14,4,17,15,84,1,34,59,3,14,7,14
2020-11-27-16-30,中原大學,41.7,26.9,57.1,16,27,43,13,10,4,21,18,69,0,20,48,7,26,8,14
2020-11-27-18-15,國立體大,65,13.6,50,7,28,35,11,11,2,15,15,66,1,26,40,3,22,5,10
2020-11-27-18-15,輔仁大學,37.5,23.1,75,11,26,37,13,7,2,20,13,54,0,18,48,3,13,9,12
2020-11-30-13-00,世新大學,55.6,37.5,64.7,18,26,44,17,17,6,17,21,79,1,25,45,6,16,11,17
2020-11-30-13-00,屏東大學,22.6,28.6,64.3,8,16,24,10,14,0,27,22,47,0,7,31,8,28,9,14
2020-11-30-14-45,臺灣科大,48.7,38.5,47.4,12,24,36,10,10,3,10,19,77,1,19,39,10,26,9,19
2020-11-30-14-45,臺灣體大,59,18.8,66.7,4,31,35,14,5,5,17,17,67,0,23,39,3,16,12,18
2020-11-30-16-30,高雄師大,48.6,29.4,45.5,6,28,34,7,7,4,21,18,61,0,18,37,5,17,10,22
2020-11-30-16-30,臺灣師大,41.2,34.6,60,13,26,39,8,13,1,12,16,81,1,21,51,9,26,12,20
2020-11-30-18-15,義守大學,54.5,15.2,66.7,14,32,46,13,6,8,10,15,77,0,24,44,5,33,14,21
2020-11-30-18-15,中州科大,56.5,37.9,46.7,7,29,36,20,7,3,7,18,92,1,26,46,11,29,7,15
2020-12-01-13-00,臺灣體大,72.4,36.8,62.5,3,27,30,15,5,0,20,18,73,0,21,29,7,19,10,16
2020-12-01-13-00,臺灣師大,51.1,33.3,76.5,13,21,34,12,14,3,13,18,89,1,23,45,10,30,13,17
2020-12-01-14-45,高雄師大,48.7,32.3,0,8,26,34,19,8,3,28,21,68,0,19,39,10,31,0,1
2020-12-01-14-45,世新大學,50.8,33.3,69.6,18,30,48,10,16,2,17,9,100,1,33,65,6,18,16,23
2020-12-01-16-30,臺灣科大,53.5,13.6,45,10,29,39,7,4,2,18,19,64,0,23,43,3,22,9,20
2020-12-01-16-30,中州科大,36.1,34.3,63.6,13,23,36,16,6,2,5,19,76,1,13,36,12,35,14,22
2020-12-01-18-15,義守大學,51,27.3,56.2,19,16,35,22,11,3,10,13,88,1,26,51,9,33,9,16
2020-12-01-18-15,屏東大學,41.7,32,75,9,30,39,12,4,0,22,21,57,0,15,36,8,25,3,4
2020-12-02-13-00,中州科大,32.7,14.7,80,21,23,44,7,6,1,19,9,59,0,16,49,5,34,12,15
2020-12-02-13-00,高雄師大,49,20.8,80,8,32,40,14,11,3,11,18,71,1,24,49,5,24,8,10
2020-12-02-14-45,屏東大學,43.8,26.1,47.6,10,27,37,11,10,1,28,22,56,0,14,32,6,23,10,21
2020-12-02-14-45,臺灣體大,52.1,17.4,42.9,18,23,41,14,19,5,18,20,71,1,25,48,4,23,9,21
2020-12-02-16-30,臺灣師大,35.7,22.7,64.3,16,22,38,5,10,2,13,24,64,0,20,56,5,22,9,14
2020-12-02-16-30,臺灣科大,55.6,22.2,72.4,9,32,41,9,8,6,22,18,73,1,20,36,4,18,21,29
2020-12-02-18-15,世新大學,36.4,36.8,50,19,22,41,8,4,4,19,21,67,0,20,55,7,19,6,12
2020-12-02-18-15,義守大學,59,25.9,57.9,10,17,27,13,9,2,12,18,78,1,23,39,7,27,11,19
2020-12-04-13-00,臺灣師大,58.6,25,56.5,19,31,50,16,13,1,13,20,96,1,34,58,5,20,13,23
2020-12-04-13-00,屏東大學,30.6,26.3,46.7,9,18,27,11,8,2,21,22,44,0,11,36,5,19,7,15
2020-12-04-14-45,中州科大,41.2,25,80,18,31,49,7,6,3,10,20,67,1,21,51,7,28,4,5
2020-12-04-14-45,臺灣體大,35.4,16.7,55.6,18,25,43,10,6,2,9,16,56,0,17,48,4,24,10,18
2020-12-04-16-30,世新大學,45.5,47.4,31.2,18,22,40,9,10,1,17,15,82,1,25,55,9,19,5,16
2020-12-04-16-30,臺灣科大,64.3,35.5,64.3,5,22,27,15,11,1,17,17,78,0,18,28,11,31,9,14
2020-12-04-18-15,義守大學,45.5,37.5,60.9,14,27,41,13,12,3,24,15,82,1,25,55,6,16,14,23
2020-12-04-18-15,高雄師大,41.3,37,50,13,23,36,10,16,1,17,20,77,0,19,46,10,27,9,18
2020-12-05-13-00,屏東大學,50,29.2,76.5,7,29,36,10,9,0,15,12,68,0,17,34,7,24,13,17
2020-12-05-13-00,臺灣科大,47.7,32,42.9,12,21,33,8,8,1,12,19,69,1,21,44,8,25,3,7
2020-12-05-14-45,臺灣體大,55.3,40.9,69.2,3,34,37,15,9,2,23,12,87,0,21,38,9,22,18,26
2020-12-05-14-45,高雄師大,42.6,33.3,50,16,27,43,21,12,4,15,22,89,1,26,61,11,33,4,8
2020-12-05-16-30,中州科大,38.2,18.8,0,11,21,32,9,6,1,28,31,44,0,13,34,6,32,0,2
2020-12-05-16-30,世新大學,45.5,16.7,57.4,28,27,55,12,21,2,10,14,96,1,30,66,3,18,27,47
2020-12-05-18-15,臺灣師大,56.2,15.4,59.1,9,26,35,18,13,1,13,16,73,1,27,48,2,13,13,22
2020-12-05-18-15,義守大學,50,8.7,80,12,28,40,8,4,3,19,18,60,0,23,46,2,23,8,10
2020-12-06-13-00,中州科大,43.6,29.4,54.5,14,32,46,14,5,0,11,15,70,1,17,39,10,34,6,11
2020-12-06-13-00,屏東大學,37.2,20.8,76.5,10,33,43,10,6,1,8,8,60,0,16,43,5,24,13,17
2020-12-06-14-45,高雄師大,40,22.6,62.5,23,35,58,15,13,2,18,16,75,1,22,55,7,31,10,16
2020-12-06-14-45,臺灣科大,46.8,17.4,33.3,7,30,37,9,8,3,21,18,61,0,22,47,4,23,5,15
2020-12-06-16-30,世新大學,52.3,21.7,47.8,19,35,54,11,7,11,12,18,72,1,23,44,5,23,11,23
2020-12-06-16-30,臺灣師大,34.1,26.9,60,7,22,29,8,8,5,13,16,58,0,14,41,7,26,9,15
2020-12-06-18-15,義守大學,62.5,23.1,76.2,19,28,47,20,13,6,11,16,103,1,30,48,9,39,16,21
2020-12-06-18-15,臺灣體大,48,30,72.2,12,29,41,16,7,2,24,21,79,0,24,50,6,20,13,18
2020-12-07-13-00,屏東大學,33.3,37,60,13,31,44,9,9,2,25,14,55,0,11,33,10,27,3,5
2020-12-07-13-00,高雄師大,44.9,15.8,90,23,26,49,15,20,4,14,10,71,1,22,49,6,38,9,10
2020-12-07-14-45,臺灣體大,34,33.3,50,15,28,43,13,7,5,15,13,65,0,17,50,8,24,7,14
2020-12-07-14-45,世新大學,42,21.9,75,25,31,56,6,5,9,13,23,75,1,21,50,7,32,12,16
2020-12-07-16-30,臺灣師大,21.6,40,50,10,26,36,15,13,1,12,24,61,1,8,37,12,30,9,18
2020-12-07-16-30,中州科大,30.6,23.1,60,12,29,41,6,8,3,19,20,52,0,11,36,6,26,12,20
2020-12-07-18-15,臺灣科大,53.5,32,50,10,20,30,16,13,1,9,10,80,0,23,43,8,25,10,20
2020-12-07-18-15,義守大學,56.4,35.1,54.5,19,29,48,25,8,1,15,15,89,1,22,39,13,37,6,11
2020-12-24-13-00,國立體大,52.3,33.3,78.9,12,35,47,19,9,5,22,15,82,1,23,44,7,21,15,19
2020-12-24-13-00,臺灣體大,36,31.2,58.3,7,20,27,14,13,1,17,21,58,0,18,50,5,16,7,12
2020-12-24-13-00,輔仁大學,44,27.3,87.5,10,31,41,14,8,1,17,13,69,1,22,50,6,22,7,8
2020-12-24-13-00,高雄師大,37.2,25,63.6,14,28,42,7,12,2,16,11,63,0,16,43,8,32,7,11
2020-12-24-14-45,北市大學,47.5,25,63.6,9,19,28,15,6,1,15,12,69,0,19,40,8,32,7,11
2020-12-24-14-45,義守大學,70.3,47.9,78.6,16,36,52,34,11,2,8,12,132,1,26,37,23,48,11,14
2020-12-24-14-45,臺灣藝大,31.8,22.2,88.9,4,33,37,10,2,6,15,18,48,0,14,44,4,18,8,9
2020-12-24-14-45,臺灣師大,37.3,46.2,81.8,14,35,49,13,6,5,8,11,77,1,25,67,6,13,9,11
2020-12-24-16-30,文化大學,42.3,33.3,72.2,8,36,44,15,14,1,23,19,72,1,22,52,5,15,13,18
2020-12-24-16-30,中州科大,39.1,12,61.9,11,24,35,7,16,4,20,19,58,0,18,46,3,25,13,21
2020-12-24-16-30,中原大學,34.3,23.5,75,11,18,29,11,12,3,20,18,51,0,12,35,8,34,3,4
2020-12-24-16-30,世新大學,46.3,38.1,69.6,22,30,52,15,15,7,17,15,90,1,25,54,8,21,16,23
2020-12-24-18-15,政治大學,57.4,34.2,50,22,32,54,21,18,7,18,20,99,1,27,47,13,38,6,12
2020-12-24-18-15,屏東大學,30.4,12.5,45.5,14,21,35,13,11,3,25,13,50,0,14,46,4,32,10,22
2020-12-24-18-15,健行科大,51.2,30,52,18,26,44,17,15,7,17,13,84,1,22,43,9,30,13,25
2020-12-24-18-15,臺灣科大,36.6,26.9,83.3,9,24,33,10,13,0,17,20,66,0,15,41,7,26,15,18
2020-12-25-13-00,義守大學,69.4,20,75,10,27,37,20,9,6,16,13,92,1,34,49,3,15,15,20
2020-12-25-13-00,中原大學,36.4,42.3,60,12,18,30,18,9,0,20,19,71,0,16,44,11,26,6,10
2020-12-25-13-00,中州科大,32.7,29.2,90,8,27,35,13,8,2,12,21,64,0,17,52,7,24,9,10
2020-12-25-13-00,臺灣藝大,41.8,28.6,47.4,20,33,53,14,8,9,18,16,73,1,23,55,6,21,9,19
2020-12-25-14-45,世新大學,51,18.5,42.9,14,27,41,9,14,5,16,18,73,1,26,51,5,27,6,14
2020-12-25-14-45,北市大學,30.8,28.6,63.6,8,27,35,16,9,2,21,18,55,0,12,39,8,28,7,11
2020-12-25-14-45,屏東大學,30.8,36.4,83.3,6,30,36,12,2,2,21,14,53,0,12,39,8,22,5,6
2020-12-25-14-45,國立體大,55.3,26.7,62.5,10,29,39,21,14,3,6,11,86,1,26,47,8,30,10,16
2020-12-25-16-30,高雄師大,48,28,57.1,12,23,35,18,7,3,16,9,77,0,24,50,7,25,8,14
2020-12-25-16-30,健行科大,60,37.5,100,7,26,33,18,9,7,13,12,92,1,24,40,12,32,8,8
2020-12-25-16-30,臺灣師大,45.5,34.6,80,12,16,28,17,12,0,16,19,69,1,15,33,9,26,12,15
2020-12-25-16-30,文化大學,58.8,14.3,54.5,9,19,28,10,10,4,21,14,58,0,20,34,2,14,12,22
2020-12-25-18-15,臺灣科大,33.3,32.1,80,14,20,34,13,13,2,14,21,75,0,12,36,9,28,24,30
2020-12-25-18-15,輔仁大學,51.2,35.7,59.1,13,27,40,15,11,5,16,24,85,1,21,41,10,28,13,22
2020-12-25-18-15,臺灣體大,53.2,8.3,72.2,11,25,36,17,8,1,26,15,66,0,25,47,1,12,13,18
2020-12-25-18-15,政治大學,51,35.5,57.1,18,19,37,21,18,3,13,19,93,1,26,51,11,31,8,14
2020-12-26-13-00,臺灣師大,55.9,27.8,75,19,32,51,13,4,4,15,18,80,1,19,34,10,36,12,16
2020-12-26-13-00,北市大學,38,37.5,84.6,5,19,24,11,9,2,10,14,67,0,19,50,6,16,11,13
2020-12-26-13-00,世新大學,52.8,55,22.2,13,25,38,21,17,2,16,22,91,1,28,53,11,20,2,9
2020-12-26-13-00,文化大學,45.5,46.7,36.4,10,18,28,13,9,3,22,8,69,0,20,44,7,15,8,22
2020-12-26-14-45,臺灣體大,41,27.3,45.5,15,22,37,12,10,1,22,19,64,0,25,61,3,11,5,11
2020-12-26-14-45,健行科大,51.2,42.3,73.9,11,24,35,20,13,2,14,12,92,1,21,41,11,26,17,23
2020-12-26-14-45,中州科大,27.7,24.1,79.2,16,21,37,11,9,3,15,23,66,0,13,47,7,29,19,24
2020-12-26-14-45,中原大學,39.4,46.4,64.7,10,31,41,16,10,5,20,23,76,1,13,33,13,28,11,17
2020-12-26-16-30,義守大學,56.9,34.6,66.7,13,31,44,24,15,5,13,16,93,1,29,51,9,26,8,12
2020-12-26-16-30,臺灣藝大,35.4,34.6,50,14,24,38,11,6,1,20,13,66,0,17,48,9,26,5,10
2020-12-26-16-30,屏東大學,40,29.6,33.3,7,21,28,13,11,0,32,11,47,0,10,25,8,27,3,9
2020-12-26-16-30,輔仁大學,58.1,40,90.9,8,24,32,26,24,0,17,13,84,1,25,43,8,20,10,11
2020-12-26-18-15,高雄師大,32.5,32.1,85.7,13,21,34,10,13,0,27,14,65,0,13,40,9,28,12,14
2020-12-26-18-15,政治大學,51.2,36.7,62.5,14,28,42,19,18,1,28,19,82,1,22,43,11,30,5,8
2020-12-26-18-15,臺灣科大,34.9,25,81.8,7,21,28,8,4,3,7,18,54,0,15,43,5,20,9,11
2020-12-26-18-15,國立體大,51.2,22.2,66.7,10,30,40,20,4,1,12,15,66,1,22,43,4,18,10,15
2020-12-27-13-00,健行科大,68.4,45.2,77.8,9,30,39,36,14,2,12,8,116,1,26,38,19,42,7,9
2020-12-27-13-00,屏東大學,35.1,26.7,100,8,22,30,15,9,0,24,12,54,0,13,37,8,30,4,4
2020-12-27-13-00,中原大學,29.4,10,77.8,5,24,29,6,5,4,18,16,33,0,10,34,2,20,7,9
2020-12-27-13-00,臺灣師大,40,40,92.3,15,38,53,11,11,4,10,16,74,1,22,55,6,15,12,13
2020-12-27-14-45,國立體大,42.1,14.3,81.8,13,35,48,12,7,2,14,19,59,1,16,38,3,21,18,22
2020-12-27-14-45,高雄師大,22.2,26.9,41.2,9,23,32,12,4,6,10,18,44,0,8,36,7,26,7,17
2020-12-27-14-45,文化大學,44.2,20.8,72.7,11,19,30,13,12,1,19,16,61,0,19,43,5,24,8,11
2020-12-27-14-45,義守大學,61.7,30.3,63.6,17,30,47,29,15,2,15,12,95,1,29,47,10,33,7,11
2020-12-27-16-30,北市大學,51.2,20,53.3,13,26,39,12,9,2,12,21,70,0,22,43,6,30,8,15
2020-12-27-16-30,中州科大,43.2,22,65,17,29,46,15,9,4,14,18,72,1,16,37,9,41,13,20
2020-12-27-16-30,臺灣藝大,32.6,22.2,71.4,8,24,32,15,6,2,17,20,62,0,15,46,4,18,20,28
2020-12-27-16-30,世新大學,46.8,17.6,66.7,16,32,48,10,12,5,16,27,83,1,29,62,3,17,16,24
2020-12-27-18-15,輔仁大學,56.1,46.2,75,6,24,30,19,11,2,16,17,85,1,23,41,12,26,3,4
2020-12-27-18-15,臺灣體大,38.3,35,33.3,15,22,37,10,8,1,20,11,62,0,18,47,7,20,5,15
2020-12-27-18-15,政治大學,56.8,25,78.6,15,33,48,14,11,3,18,14,82,1,25,44,7,28,11,14
2020-12-27-18-15,臺灣科大,41.9,22.2,100,5,22,27,9,10,1,17,18,60,0,18,43,6,27,6,6
2021-01-27-13-00,輔仁大學,48.8,50,100,7,22,29,28,7,1,22,20,87,0,21,43,12,24,9,9
2021-01-27-13-00,世新大學,45.6,35.3,69.2,15,24,39,13,12,7,14,12,88,1,26,57,6,17,18,26
2021-01-27-13-00,國立體大,43.2,35,25,10,27,37,10,6,8,16,14,60,0,19,44,7,20,1,4
2021-01-27-13-00,臺灣師大,35,50,68.8,4,26,30,14,10,6,10,9,66,1,14,40,9,18,11,16
2021-01-27-14-45,臺灣藝大,49.1,26.3,68,17,31,48,17,13,3,11,24,88,1,28,57,5,19,17,25
2021-01-27-14-45,臺灣體大,47.1,16.7,59.3,8,26,34,3,4,1,18,21,70,0,24,51,2,12,16,27
2021-01-27-14-45,健行科大,59.1,32.4,78.6,16,32,48,25,6,2,12,11,99,1,26,44,12,37,11,14
2021-01-27-14-45,義守大學,52.9,27.8,100,14,29,43,20,11,1,8,16,90,0,27,51,10,36,6,6
2021-01-27-16-30,中原大學,37.5,32.1,37.5,5,20,25,13,7,3,24,16,54,0,12,32,9,28,3,8
2021-01-27-16-30,高雄師大,60.9,29.4,68.8,3,32,35,15,16,2,17,14,82,1,28,46,5,17,11,16
2021-01-27-16-30,文化大學,52.1,31,63.6,12,24,36,23,19,4,12,14,84,1,25,48,9,29,7,11
2021-01-27-16-30,屏東大學,39.5,26.3,0,11,25,36,10,5,4,28,15,45,0,15,38,5,19,0,0
2021-01-27-18-15,北市大學,47.8,12.1,82.6,15,28,43,11,12,0,8,16,75,0,22,46,4,33,19,23
2021-01-27-18-15,臺灣科大,53.8,40.5,53.8,8,31,39,20,6,7,17,21,80,1,14,26,15,37,7,13
2021-01-27-18-15,政治大學,48.8,35.9,57.9,14,31,45,21,17,3,9,20,95,1,21,43,14,39,11,19
2021-01-27-18-15,中州科大,30.6,18.8,56.2,12,30,42,7,2,2,26,17,49,0,11,36,6,32,9,16
2021-01-28-13-00,義守大學,41.1,25.9,69.2,20,18,38,14,8,5,11,10,76,1,23,56,7,27,9,13
2021-01-28-13-00,輔仁大學,55.8,28.6,66.7,7,32,39,22,7,6,19,15,70,0,24,43,6,21,4,6
2021-01-28-13-00,臺灣體大,50.9,18.8,46.7,6,27,33,18,11,4,20,20,70,0,27,53,3,16,7,15
2021-01-28-13-00,文化大學,51.1,40,75,8,29,37,17,14,3,20,18,84,1,24,47,8,20,12,16
2021-01-28-14-45,高雄師大,60,47.1,75,8,34,42,22,12,5,13,19,96,1,21,35,16,34,6,8
2021-01-28-14-45,北市大學,29.7,20,56.5,9,27,36,10,3,2,22,13,50,0,11,37,5,25,13,23
2021-01-28-14-45,屏東大學,31,21.1,75,9,21,30,11,7,0,24,14,47,0,13,42,4,19,9,12
2021-01-28-14-45,臺灣藝大,54.4,50,80,11,34,45,28,14,1,12,16,103,1,31,57,11,22,8,10
2021-01-28-16-30,世新大學,43.4,36.4,68.2,15,25,40,18,9,5,9,15,85,0,23,53,8,22,15,22
2021-01-28-16-30,健行科大,56.4,42.4,75,14,24,38,29,7,4,14,18,98,1,22,39,14,33,12,16
2021-01-28-16-30,中州科大,48.3,16.2,60,11,24,35,10,11,4,12,18,61,0,14,29,6,37,15,25
2021-01-28-16-30,國立體大,47.6,17.6,66.7,10,36,46,11,7,2,18,22,63,1,20,42,3,17,14,21
2021-01-28-18-15,臺灣師大,55.9,44,75,3,19,22,20,8,3,14,19,80,0,19,34,11,25,9,12
2021-01-28-18-15,政治大學,50,38.7,71.4,17,20,37,20,8,3,15,17,88,1,21,42,12,31,10,14
2021-01-28-18-15,臺灣科大,52.1,38.9,78.6,8,31,39,10,8,1,12,14,82,1,25,48,7,18,11,14
2021-01-28-18-15,中原大學,50,9.4,81.8,13,21,34,8,9,4,13,17,58,0,20,40,3,32,9,11
2021-01-29-13-00,健行科大,40,37.8,72.7,12,29,41,18,6,4,17,12,74,0,12,30,14,37,8,11
2021-01-29-13-00,中州科大,39.5,36.4,50,16,29,45,11,9,2,10,19,77,1,17,43,12,33,7,14
2021-01-29-13-00,臺灣藝大,39.6,40,83.3,11,16,27,21,12,1,23,20,75,0,21,53,6,15,15,18
2021-01-29-13-00,高雄師大,64.4,32,53.3,15,26,41,17,8,6,24,20,90,1,29,45,8,25,8,15
2021-01-29-14-45,國立體大,36.4,34.6,83.3,7,30,37,16,11,2,17,11,56,1,12,33,9,26,5,6
2021-01-29-14-45,世新大學,31,18.8,50,20,27,47,7,11,3,17,10,48,0,18,58,3,16,3,6
2021-01-29-14-45,北市大學,46.3,27.6,72.7,8,28,36,17,17,4,14,20,70,1,19,41,8,29,8,11
2021-01-29-14-45,屏東大學,44,11.8,58.3,8,33,41,10,10,1,26,18,41,0,11,25,4,34,7,12
2021-01-29-16-30,輔仁大學,42.1,33.3,90,9,24,33,15,4,1,15,18,62,0,16,38,7,21,9,10
2021-01-29-16-30,臺灣師大,44,37.9,50,6,22,28,10,4,1,13,17,63,1,11,25,11,29,8,16
2021-01-29-16-30,中原大學,59.4,43.5,78.9,7,31,38,19,7,1,18,32,83,1,19,32,10,23,15,19
2021-01-29-16-30,臺灣體大,45.5,16.7,68.9,8,17,25,13,11,3,16,17,70,0,15,33,3,18,31,45
2021-01-29-18-15,文化大學,38.2,23.7,57.1,17,36,53,15,9,2,22,25,77,1,13,34,9,38,24,42
2021-01-29-18-15,臺灣科大,40,18.8,43.3,12,28,40,8,12,3,19,29,70,0,24,60,3,16,13,30
2021-01-29-18-15,政治大學,55.6,37.1,81.8,17,28,45,29,12,4,13,13,98,1,25,45,13,35,9,11
2021-01-29-18-15,義守大學,50,28.1,72.2,17,24,41,19,8,5,19,14,84,0,22,44,9,32,13,18
2021-01-30-13-00,臺灣師大,47.7,22.7,76.9,10,25,35,11,7,3,15,12,67,0,21,44,5,22,10,13
2021-01-30-13-00,健行科大,52.5,38.5,80,12,29,41,25,6,1,12,14,91,1,21,40,15,39,4,5
2021-01-30-13-00,屏東大學,41.2,22.9,71.4,13,21,34,14,6,2,17,17,57,0,14,34,8,35,5,7
2021-01-30-13-00,中原大學,52.5,40,73.3,9,27,36,21,8,3,11,12,83,1,21,40,10,25,11,15
2021-01-30-14-45,高雄師大,30.6,33.3,90.9,16,18,34,14,10,7,18,14,58,0,15,49,6,18,10,11
2021-01-30-14-45,文化大學,48,28.6,56.2,14,26,40,14,9,6,23,14,69,1,24,50,4,14,9,16
2021-01-30-14-45,義守大學,41.5,34.8,62.5,11,36,47,16,9,4,9,17,78,1,22,53,8,23,10,16
2021-01-30-14-45,國立體大,30.8,23.1,60.9,12,29,41,14,2,3,15,16,56,0,12,39,6,26,14,23
2021-01-30-16-30,臺灣體大,45.8,40,90,12,26,38,24,6,3,16,18,83,0,22,48,10,25,9,10
2021-01-30-16-30,北市大學,47.8,41.2,93.8,14,25,39,25,9,0,9,9,101,1,22,46,14,34,15,16
2021-01-30-16-30,中州科大,40.4,18.2,59.3,16,22,38,9,11,4,11,20,72,0,19,47,6,33,16,27
2021-01-30-16-30,輔仁大學,57.1,31.6,73.7,7,31,38,20,3,5,17,22,80,1,24,42,6,19,14,19
2021-01-30-18-15,臺灣科大,19.2,40,79.3,8,22,30,16,4,3,10,13,69,0,5,26,12,30,23,29
2021-01-30-18-15,臺灣藝大,52.3,28.6,78.6,10,22,32,16,5,4,9,24,75,1,23,44,6,21,11,14
2021-01-30-18-15,世新大學,44.2,35,81.8,11,28,39,16,7,4,15,22,85,1,23,52,7,20,18,22
2021-01-30-18-15,政治大學,41.7,26.3,80,9,27,36,18,7,4,17,19,80,0,15,36,10,38,20,25
2021-02-26-13-00,政治大學,57.7,14.3,54.5,12,35,47,18,14,4,16,16,78,1,30,52,4,28,6,11
2021-02-26-13-00,高雄師大,30.9,29,50,16,31,47,17,9,5,19,15,64,0,17,55,9,31,3,6
2021-02-26-14-45,世新大學,35.3,44,66.7,15,33,48,15,8,10,10,14,79,1,18,51,11,25,10,15
2021-02-26-14-45,國立體大,35.6,27.3,80,8,31,39,12,5,4,20,13,58,0,16,45,6,22,8,10
2021-02-26-16-30,臺灣師大,45.3,25.8,84.6,12,35,47,21,9,5,17,19,83,0,24,53,8,31,11,13
2021-02-26-16-30,義守大學,43.6,21.9,86.4,19,38,57,15,10,5,15,17,88,1,24,55,7,32,19,22
2021-02-26-18-15,健行科大,44.2,30.6,68.8,13,28,41,29,10,4,9,14,82,1,19,43,11,36,11,16
2021-02-26-18-15,輔仁大學,47.6,28.6,47.6,7,32,39,16,5,5,15,15,68,0,20,42,6,21,10,21
2021-02-27-13-00,高雄師大,35.3,27.8,72.2,8,22,30,15,9,2,18,14,64,0,18,51,5,18,13,18
2021-02-27-13-00,國立體大,44.4,0,65,23,28,51,15,14,3,16,14,77,1,32,72,0,11,13,20
2021-02-27-14-45,輔仁大學,35.7,26.1,70,12,32,44,13,9,2,28,15,55,0,15,42,6,23,7,10
2021-02-27-14-45,政治大學,53.7,29.2,68.8,8,26,34,18,18,4,16,14,76,1,22,41,7,24,11,16
2021-02-27-16-30,義守大學,44.7,44.4,87.5,9,28,37,21,10,3,11,18,89,1,17,38,16,36,7,8
2021-02-27-16-30,健行科大,43.8,17.6,64.7,18,26,44,11,4,1,13,11,71,0,21,48,6,34,11,17
2021-02-27-18-15,世新大學,47.7,21.4,40,18,30,48,10,8,5,16,11,62,0,21,44,6,28,2,5
2021-02-27-18-15,臺灣師大,33.3,37.9,50,13,28,41,20,10,2,11,8,65,1,15,45,11,29,2,4
2021-02-28-13-00,輔仁大學,40,50,70,6,30,36,23,8,2,15,20,85,0,16,40,13,26,14,20
2021-02-28-13-00,義守大學,50,39.1,57.1,11,29,40,19,9,1,12,21,89,1,25,50,9,23,12,21
2021-02-28-14-45,臺灣師大,48.1,24,69.2,16,24,40,17,9,3,14,20,79,1,26,54,6,25,9,13
2021-02-28-14-45,高雄師大,48.8,34.8,60,10,31,41,13,6,6,17,17,78,0,21,43,8,23,12,20
2021-02-28-16-30,國立體大,32.4,39.3,47.1,8,34,42,18,7,1,25,11,63,0,11,34,11,28,8,17
2021-02-28-16-30,政治大學,48.4,15.8,66.7,16,33,49,17,15,4,15,18,77,1,30,62,3,19,8,12
2021-02-28-18-15,健行科大,41.5,27.3,55.6,14,24,38,16,8,7,15,11,66,0,17,41,9,33,5,9
2021-02-28-18-15,世新大學,38.6,30.4,44.4,28,33,61,16,13,4,13,15,79,1,27,70,7,23,4,9
2021-03-02-13-00,國立體大,40,38.1,81.8,8,23,31,13,7,2,20,16,61,0,14,35,8,21,9,11
2021-03-02-13-00,臺灣師大,44.7,38.1,87.5,15,22,37,17,13,4,14,14,73,1,21,47,8,21,7,8
2021-03-02-14-45,高雄師大,42.1,39.5,54.5,12,30,42,17,8,2,17,20,89,0,16,38,17,43,6,11
2021-03-02-14-45,健行科大,51.1,21.2,69.7,15,31,46,16,9,4,10,16,92,1,24,47,7,33,23,33
2021-03-02-16-30,政治大學,59.6,38.5,72.7,14,28,42,20,7,6,13,14,100,1,31,52,10,26,8,11
2021-03-02-16-30,義守大學,48.7,34.4,100,8,23,31,14,9,0,15,14,73,0,19,39,11,32,2,2
2021-03-02-18-15,世新大學,54.1,20,66.7,24,28,52,13,17,5,22,16,92,1,33,61,4,20,14,21
2021-03-02-18-15,輔仁大學,36.8,31.4,73.3,10,20,30,23,15,3,23,20,72,0,14,38,11,35,11,15
2021-03-03-13-00,健行科大,51.4,28.9,66.7,8,27,35,16,17,6,15,16,75,1,18,35,11,38,6,9
2021-03-03-13-00,國立體大,33.3,23.1,54.5,19,33,52,8,9,1,28,12,53,0,19,57,3,13,6,11
2021-03-03-14-45,義守大學,43.2,41.2,61.5,15,31,46,20,10,2,21,17,90,1,16,37,14,34,16,26
2021-03-03-14-45,世新大學,44.6,25,38.1,25,27,52,15,13,6,16,22,89,0,33,74,5,20,8,21
2021-03-03-16-30,輔仁大學,48.6,28.6,70.6,8,32,40,15,5,1,22,17,72,0,18,37,8,28,12,17
2021-03-03-16-30,高雄師大,49.1,30.4,81,10,30,40,15,17,0,11,14,90,1,26,53,7,23,17,21
2021-03-03-18-15,臺灣師大,39.6,36.4,70,9,28,37,15,8,3,8,24,69,0,19,48,8,22,7,10
2021-03-03-18-15,政治大學,38.3,30,69.6,10,32,42,17,6,9,12,17,70,1,18,47,6,20,16,23
2021-03-04-13-00,高雄師大,40,31.2,60,17,20,37,12,12,3,14,16,75,1,24,60,5,16,12,20
2021-03-04-13-00,義守大學,58.5,13,100,10,25,35,12,6,3,24,17,70,0,24,41,3,23,13,13
2021-03-04-14-45,國立體大,37.5,25,71.4,12,22,34,14,10,4,19,18,70,0,15,40,5,20,25,35
2021-03-04-14-45,輔仁大學,54.9,23.1,85.7,8,25,33,18,14,6,17,25,77,1,28,51,3,13,12,14
2021-03-04-16-30,臺灣師大,51.3,26.1,75,8,27,35,13,1,3,12,13,67,0,20,39,6,23,9,12
2021-03-04-16-30,健行科大,55.8,52,75,4,25,29,23,7,0,3,18,96,1,24,43,13,25,9,12
2021-03-04-18-15,政治大學,47.9,33.3,61.5,14,28,42,23,9,6,22,20,78,0,23,48,8,24,8,13
2021-03-04-18-15,世新大學,50.8,23.1,55.6,13,27,40,12,14,8,16,16,83,1,32,63,3,13,10,18
2021-03-05-13-00,義守大學,31.8,30.8,100,15,27,42,21,11,5,14,3,70,0,14,44,12,39,6,6
2021-03-05-13-00,國立體大,46.3,41.9,60,18,39,57,27,8,3,13,8,92,1,25,54,13,31,3,5
2021-03-05-14-45,世新大學,64.3,26.3,72.2,12,23,35,24,15,9,21,13,100,1,36,56,5,19,13,18
2021-03-05-14-45,高雄師大,50.9,15,75,8,16,24,23,7,0,26,15,72,0,27,53,3,20,9,12
2021-03-05-16-30,輔仁大學,50,39.1,42.9,7,35,42,20,5,3,15,14,74,1,22,44,9,23,3,7
2021-03-05-16-30,臺灣師大,39.5,22.6,50,13,27,40,12,8,4,12,13,58,0,17,43,7,31,3,6
2021-03-05-18-15,健行科大,37.5,42.1,72.2,12,24,36,15,9,0,13,18,85,0,12,32,16,38,13,18
2021-03-05-18-15,政治大學,43.9,50,70,12,25,37,24,8,1,14,19,88,1,18,41,15,30,7,10
2021-03-20-12-00,健行科大,36.6,22.2,52.9,11,25,36,13,2,6,17,20,57,0,15,41,6,27,9,17
2021-03-20-12-00,政治大學,41.5,21.7,81,20,31,51,14,11,4,15,14,76,1,22,53,5,23,17,21
2021-03-20-19-00,世新大學,40.6,35.3,73.3,16,29,45,14,15,5,15,23,85,1,28,69,6,17,11,15
2021-03-20-19-00,義守大學,44.2,26.9,64.3,13,30,43,19,11,10,23,15,77,0,19,43,7,26,18,28
2021-03-21-12-00,健行科大,64.7,28.6,76.2,15,26,41,20,6,1,17,17,90,1,22,34,10,35,16,21
2021-03-21-12-00,義守大學,59.5,27.8,71.4,15,17,32,15,9,4,13,18,84,0,22,37,10,36,10,14
2021-03-21-19-00,政治大學,43.6,34.2,52.9,22,36,58,28,10,5,24,21,82,1,17,39,13,38,9,17
2021-03-21-19-00,世新大學,27.5,33.3,81.8,10,24,34,15,11,3,14,19,70,0,11,40,10,30,18,22
